clave,lunes,estrategia,coladas,toneladas,energia_mwh,precio_medio_eur_mwh,coste_energia_eur,arranques,coste_arranques_eur,coste_total_eur,eur_por_t,emisiones_t,kgco2_por_t,segundos,optimo_demostrado,dias_respaldo,ahorro_vs_A_eur,ahorro_vs_A_pct,captura_pct,emisiones_vs_A_pct
A,2025-10-06,Horario fijo (mes anterior),126,12600.0,5040.0,66.51673412698413,335244.34,14,280000.0,615244.3400000001,48.82891587301588,578.9863720959966,45.95129937269814,31.493835584260523,True,0,0.0,0.0,0.0,0.0
B,2025-10-06,Paradas en horas caras,126,12600.0,5040.0,66.6514007936508,335923.06,14,280000.0,615923.06,48.882782539682545,579.9547839976658,46.02815746013221,2.9523305012844503,True,0,-678.7199999999721,-0.1103171465177513,-4.507152993645332,0.1672598783566403
OD,2025-10-06,Óptimo diario,126,12600.0,5040.0,65.84562103174603,331861.93,14,280000.0,611861.9299999999,48.56047063492063,578.5946431501293,45.92020977381978,2.418485250324011,True,0,3382.410000000149,0.5497669430002637,22.46145591294968,-0.0676577143688517
C,2025-10-06,"Semanal, previsión ingenua",126,12600.0,5040.0,68.30382738095237,344251.29,13,260000.0,604251.29,47.95645158730159,589.3925351332007,46.7771853280318,67.39360858360305,True,0,10993.050000000048,1.7867779165591422,73.00117606199179,1.7973070764226495
L,2025-10-06,"Semanal, previsión LEAR",126,12600.0,5040.0,67.54766666666667,340440.24,13,260000.0,600440.24,47.6539873015873,566.7431761417491,44.979617154107075,52.22541758278385,True,0,14804.100000000091,2.4062147406346055,98.30908715409598,-2.1145913866548627
D,2025-10-06,"Semanal, previsión ML",126,12600.0,5040.0,67.71608531746031,341289.07,13,260000.0,601289.0700000001,47.72135476190477,569.3319889359279,45.18507848697841,51.4969412907958,True,0,13955.27000000002,2.268248416555936,92.67229042555334,-1.6674629361514426
O,2025-10-06,Oráculo semanal,126,12600.0,5040.0,67.49714484126984,340185.61,13,260000.0,600185.61,47.63377857142857,565.2081493535767,44.85778963123624,18.94962833309546,True,0,15058.730000000098,2.4476015496542556,100.0,-2.3797145159982103
A,2025-10-13,Horario fijo (mes anterior),126,12600.0,5040.0,81.62232738095238,411376.53,14,280000.0,691376.53,54.87115317460318,781.5751458475493,62.029773479964234,31.77814312512055,True,0,0.0,0.0,0.0,0.0
B,2025-10-13,Paradas en horas caras,126,12600.0,5040.0,81.24368253968255,409468.16,14,280000.0,689468.16,54.71969523809524,784.536682237235,62.26481605057421,2.5434457510709763,True,0,1908.3699999999951,0.2760247010409791,11.418818249812986,0.3789189568552897
OD,2025-10-13,Óptimo diario,126,12600.0,5040.0,80.60283730158729,406238.29999999993,14,280000.0,686238.2999999999,54.463357142857134,783.0442248782236,62.14636705382727,2.266503957100213,True,0,5138.230000000098,0.7431883752258842,30.744831712790415,0.1879638878589551
C,2025-10-13,"Semanal, previsión ingenua",126,12600.0,5040.0,83.69352380952381,421815.36,13,260000.0,681815.36,54.11233015873016,772.8966082819469,61.34100065729737,40.11139741772786,True,0,9561.170000000042,1.3829179304076231,57.20969334330616,-1.1103906785816853
L,2025-10-13,"Semanal, previsión LEAR",126,12600.0,5040.0,82.96724404761905,418154.91,13,260000.0,678154.91,53.82181825396825,767.1443869937932,60.88447515823756,77.88686820771545,True,0,13221.619999999995,1.912361705422658,79.11216155572174,-1.8463686992128192
D,2025-10-13,"Semanal, previsión ML",126,12600.0,5040.0,83.35717857142858,420120.18,13,260000.0,680120.1799999999,53.97779206349206,773.1522955503958,61.36129329765046,53.22785208327696,True,0,11256.350000000091,1.628107046098324,67.3528795811524,-1.0776763234992104
O,2025-10-13,Oráculo semanal,126,12600.0,5040.0,82.27460912698412,414664.03,13,260000.0,674664.03,53.54476428571429,766.5526302774879,60.83751033948317,36.92246766714379,True,0,16712.5,2.4172790476413772,100.0,-1.9220820480122636
A,2025-10-20,Horario fijo (mes anterior),126,12600.0,5040.0,37.47161507936508,188856.94,14,280000.0,468856.94,37.21086825396826,475.87874393796176,37.76815428079062,27.25562125025317,True,0,0.0,0.0,0.0,0.0
B,2025-10-20,Paradas en horas caras,126,12600.0,5040.0,36.00306349206349,181455.44,14,280000.0,461455.44,36.62344761904762,472.5029080480763,37.50023079746637,2.1294218744151294,True,0,7401.5,1.57862652091702,30.68963887274092,-0.7093899302897944
OD,2025-10-20,Óptimo diario,126,12600.0,5040.0,35.757595238095234,180218.27999999997,14,280000.0,460218.28,36.525260317460315,472.9661203690469,37.53699368008309,2.076404918450862,True,0,8638.660000000033,1.8424937892569175,35.8194090041739,-0.6120516215564642
C,2025-10-20,"Semanal, previsión ingenua",126,12600.0,5040.0,37.01302777777777,186545.65999999997,13,260000.0,446545.66,35.440131746031746,468.3268076107972,37.16879425482518,77.57222620910034,True,0,22311.280000000028,4.7586541003317615,92.51167006533916,-1.5869455031067847
L,2025-10-20,"Semanal, previsión LEAR",126,12600.0,5040.0,36.81634523809524,185554.38,13,260000.0,445554.38,35.36145873015873,468.3152353413784,37.16787582074432,84.1247717901133,True,0,23302.56,4.970078932819039,96.62192139571408,-1.5893772716121468
D,2025-10-20,"Semanal, previsión ML",126,12600.0,5040.0,36.919603174603175,186074.8,13,260000.0,446074.8,35.4027619047619,468.191416300249,37.15804891271817,81.07097633183002,True,0,22782.140000000018,4.8590813223325675,94.46404774008326,-1.6153963032891738
O,2025-10-20,Oráculo semanal,126,12600.0,5040.0,36.65469841269841,184739.68,13,260000.0,444739.68,35.2968,469.3850033683005,37.25277804510321,18.164636000059545,True,0,24117.26000000001,5.143841957420959,100.0,-1.364578824413265
A,2025-10-27,Horario fijo (mes anterior),126,12600.0,5040.0,62.84536111111111,316740.62,14,280000.0,596740.62,47.360366666666664,597.0325057015716,47.38353219853743,31.51157741714269,True,0,0.0,0.0,0.0,0.0
B,2025-10-27,Paradas en horas caras,126,12600.0,5040.0,62.68160515873016,315915.29000000004,14,280000.0,595915.29,47.29486428571429,593.7030474228814,47.11928947800646,2.2004352500662208,True,0,825.3299999999581,0.1383063214298966,3.733646381846604,-0.5576678400077806
OD,2025-10-27,Óptimo diario,126,12600.0,5040.0,62.09049404761904,312936.08999999997,14,280000.0,592936.09,47.05841984126984,592.7868040613873,47.04657175090375,2.536142707336694,True,0,3804.530000000028,0.6375517054629243,17.2110182219569,-0.711134083929843
C,2025-10-27,"Semanal, previsión ingenua",126,12600.0,5040.0,66.65432539682539,335937.79999999993,13,260000.0,595937.7999999999,47.29665079365079,606.6850495151282,48.14960710437525,68.8437844151631,True,0,802.8200000000652,0.1345341632684674,3.631815138519727,1.616753480149935
L,2025-10-27,"Semanal, previsión LEAR",126,12600.0,5040.0,66.0522757936508,332903.47,13,260000.0,592903.47,47.05583095238095,603.8489773338438,47.924522010622525,34.48019504081458,True,0,3837.1500000000233,0.6430180670456158,17.358585310243793,1.1417253779611558
D,2025-10-27,"Semanal, previsión ML",126,12600.0,5040.0,66.16605952380951,333476.93999999994,13,260000.0,593476.94,47.10134444444444,603.4360824096098,47.89175257219125,63.94708908256143,True,0,3263.680000000051,0.5469176876211396,14.764308850406424,1.072567514647016
O,2025-10-27,Oráculo semanal,126,12600.0,5040.0,62.42766269841268,314635.4199999999,13,260000.0,574635.4199999999,45.60598571428571,571.7685355268532,45.378455200543904,11.546801415737718,True,0,22105.20000000007,3.7043229937992272,100.0,-4.2315903964108
A,2025-11-03,Horario fijo (mes anterior),126,12600.0,5040.0,40.45114682539683,203873.78000000003,14,280000.0,483873.78,38.402680952380955,453.1902038858828,35.967476498879584,29.824696167372167,True,0,0.0,0.0,0.0,0.0
B,2025-11-03,Paradas en horas caras,126,12600.0,5040.0,40.09073611111111,202057.31,14,280000.0,482057.31,38.258516666666665,449.70103025022433,35.69055795636701,2.453369167167694,True,0,1816.4700000000305,0.3754016181658015,8.82277084751011,-0.769913737265393
OD,2025-11-03,Óptimo diario,126,12600.0,5040.0,39.209339285714286,197615.07,14,280000.0,477615.07,37.90595793650794,449.1737631796402,35.64871136346351,2.236216959077865,True,0,6258.710000000021,1.2934592157483755,30.399161082219507,-0.8862593833237287
C,2025-11-03,"Semanal, previsión ingenua",126,12600.0,5040.0,42.21034920634921,212740.16,13,260000.0,472740.16,37.51906031746032,445.09980542013466,35.32538138255037,59.03889145888388,True,0,11133.619999999995,2.3009347603005055,54.07707144255277,-1.7852103590009103
L,2025-11-03,"Semanal, previsión LEAR",126,12600.0,5040.0,41.384732142857146,208579.05,13,260000.0,468579.0500000001,37.188813492063495,449.7400913640676,35.693658044767275,85.91602541413158,True,0,15294.72999999998,3.1608924955594784,74.28798601933194,-0.7612945938001658
D,2025-11-03,"Semanal, previsión ML",126,12600.0,5040.0,41.21023611111111,207699.59,13,260000.0,467699.59,37.11901507936508,450.80688368279823,35.77832410180938,49.8723223763518,True,0,16174.19000000006,3.3426465058718535,78.55960847913134,-0.5258984379293175
O,2025-11-03,Oráculo semanal,126,12600.0,5040.0,40.334394841269834,203285.35,13,260000.0,463285.35,36.768678571428566,443.0194551995109,35.1602742221834,20.32642620895058,True,0,20588.43000000005,4.254917470419672,100.0,-2.244256075961648
A,2025-11-10,Horario fijo (mes anterior),126,12600.0,5040.0,34.01067857142856,171413.81999999998,14,280000.0,451413.81999999995,35.826493650793644,439.4290074363352,34.87531805050279,29.720243165735155,True,0,0.0,0.0,0.0,0.0
B,2025-11-10,Paradas en horas caras,126,12600.0,5040.0,33.40777380952382,168375.18000000005,14,280000.0,448375.18000000005,35.58533174603175,436.9942468873644,34.68208308629876,2.181241582147777,True,0,3038.6399999998976,0.673138451986228,10.506530795146796,-0.5540736974045779
OD,2025-11-10,Óptimo diario,126,12600.0,5040.0,33.23287301587301,167493.68,14,280000.0,447493.68,35.51537142857143,437.11087140667064,34.69133900052942,1.9277751664631069,True,0,3920.139999999956,0.8684138203832475,13.5544426556906,-0.5275336835837696
C,2025-11-10,"Semanal, previsión ingenua",126,12600.0,5040.0,32.344458333333336,163016.07,13,260000.0,423016.07,33.57270396825397,420.6509846469096,33.38499878150076,27.7985582514666,True,0,28397.74999999994,6.290846390126015,98.18926720107989,-4.273277929233233
L,2025-11-10,"Semanal, previsión LEAR",126,12600.0,5040.0,36.81958928571428,185570.73,13,260000.0,445570.73,35.36275634920635,440.4331261263269,34.955010010025944,40.007477165199816,True,0,5843.089999999967,1.2943976770582628,20.203316294071037,0.2285053269127201
D,2025-11-10,"Semanal, previsión ML",126,12600.0,5040.0,34.157111111111114,172151.84,13,260000.0,432151.84,34.29776507936508,415.51115491626945,32.97707578700551,24.379368502181023,True,0,19261.97999999998,4.267033738577163,66.60104061208577,-5.442938931047003
O,2025-11-10,Oráculo semanal,126,12600.0,5040.0,32.24055158730159,162492.38,13,260000.0,422492.38,33.53114126984127,421.1112518853669,33.421527927410075,2.9552775830961764,True,0,28921.439999999944,6.406857459525707,100.0,-4.1685358137451
A,2025-11-17,Horario fijo (mes anterior),126,12600.0,5040.0,60.78844246031747,306373.75000000006,14,280000.0,586373.75,46.537599206349206,507.44747465795933,40.27360909983804,29.74654708383605,True,0,0.0,0.0,0.0,0.0
B,2025-11-17,Paradas en horas caras,126,12600.0,5040.0,60.58739087301588,305360.45,14,280000.0,585360.45,46.45717857142857,500.7755330354952,39.744089923452,2.5896701249293983,True,0,1013.3000000000466,0.1728078721122913,4.799626374688419,-1.3148043798939524
OD,2025-11-17,Óptimo diario,126,12600.0,5040.0,59.95249007936508,302160.55,14,280000.0,582160.55,46.20321825396826,501.08557975914135,39.76869680628106,1.7825278327800331,True,0,4213.199999999953,0.7185178395178763,19.956366171751796,-1.2537051057562532
C,2025-11-17,"Semanal, previsión ingenua",126,12600.0,5040.0,63.66660515873016,320879.69,13,260000.0,580879.69,46.10156269841269,513.970319392664,40.79129518989397,13.94501062342897,True,0,5494.060000000056,0.936955312204896,26.02332505686343,1.2854226418411718
L,2025-11-17,"Semanal, previsión LEAR",126,12600.0,5040.0,62.71024603174603,316059.64,13,260000.0,576059.64,45.71901904761905,514.5468632926837,40.83705264227649,36.85253620892763,True,0,10314.109999999986,1.7589651651357152,48.854114662424976,1.3990391103058777
D,2025-11-17,"Semanal, previsión ML",126,12600.0,5040.0,62.47868650793651,314892.58,13,260000.0,574892.5800000001,45.62639523809524,504.178678498811,40.01418083323897,30.357340127695352,True,0,11481.169999999924,1.957995220625058,54.38204514386514,-0.6441644352160103
O,2025-11-17,Oráculo semanal,126,12600.0,5040.0,60.567795634920635,305261.69,13,260000.0,565261.69,44.86203888888888,496.7914228727627,39.42789070418752,6.506455707829446,True,0,21112.060000000056,3.600444255903348,100.0,-2.099931976679803
A,2025-11-24,Horario fijo (mes anterior),126,12600.0,5040.0,61.55874404761905,310256.07,14,280000.0,590256.0700000001,46.84571984126985,505.29639604474426,40.1028885749797,30.063580624759197,True,0,0.0,0.0,0.0,0.0
B,2025-11-24,Paradas en horas caras,126,12600.0,5040.0,60.94688690476189,307172.30999999994,14,280000.0,587172.3099999999,46.60097698412698,499.5416949807443,39.646166268313046,2.060686751734466,True,0,3083.7600000001257,0.5224444367001809,16.30668255863567,-1.138876332593186
OD,2025-11-24,Óptimo diario,126,12600.0,5040.0,60.65461111111111,305699.24,14,280000.0,585699.24,46.48406666666666,498.53691428097136,39.56642176833106,1.8462416655384004,True,0,4556.8300000000745,0.7720090028045072,24.096161920404302,-1.337726098322367
C,2025-11-24,"Semanal, previsión ingenua",126,12600.0,5040.0,63.32425992063492,319154.27,13,260000.0,579154.27,45.964624603174606,507.65879451868375,40.29038051735585,12.31338766682893,True,0,11101.800000000048,1.8808446984713,58.70545322251242,0.4675272755617188
L,2025-11-24,"Semanal, previsión LEAR",126,12600.0,5040.0,61.87014285714286,311825.52,13,260000.0,571825.52,45.38297777777778,499.1334297924239,39.613764269239994,65.4210738320835,True,0,18430.550000000047,3.1224668303707652,97.4593120836418,-1.2196735026336114
D,2025-11-24,"Semanal, previsión ML",126,12600.0,5040.0,63.76861111111112,321393.80000000005,13,260000.0,581393.8,46.142365079365085,508.5058350955543,40.35760595996463,41.05436720885336,True,0,8862.270000000019,1.501428015810158,46.86299311195248,0.6351596955632921
O,2025-11-24,Oráculo semanal,126,12600.0,5040.0,61.77481150793649,311345.04999999993,13,260000.0,571345.0499999999,45.34484523809523,499.07639280640785,39.60923752431808,24.384355541318655,True,0,18911.020000000135,3.203867094496823,100.0,-1.2309613302259992
A,2025-12-01,Horario fijo (mes anterior),126,12600.0,5040.0,55.93162896825396,281895.41,14,280000.0,561895.4099999999,44.59487380952381,487.90652715417673,38.72274025033148,39.73333483329043,True,0,0.0,0.0,0.0,0.0
B,2025-12-01,Paradas en horas caras,126,12600.0,5040.0,56.00257142857144,282252.96,14,280000.0,562252.96,44.62325079365079,487.7737879921458,38.71220539620205,3.130180624779314,True,0,-357.55000000004657,-0.0636328387163808,-2.1507995945636025,-0.0272058590413126
OD,2025-12-01,Óptimo diario,126,12600.0,5040.0,55.736426587301594,280911.59,14,280000.0,560911.5900000001,44.51679285714286,487.5954265252543,38.698049724226536,2.264041124843061,True,0,983.8199999998324,0.1750895242229924,5.918052460139637,-0.0637623420897792
C,2025-12-01,"Semanal, previsión ingenua",126,12600.0,5040.0,59.24693849206351,298604.57000000007,13,260000.0,558604.5700000001,44.33369603174604,498.1294406758438,39.53408259332094,86.86837862478569,True,0,3290.839999999851,0.5856677134984697,19.795657496217153,2.0952606601298163
L,2025-12-01,"Semanal, previsión LEAR",126,12600.0,5040.0,56.78742857142858,286208.64,13,260000.0,546208.64,43.349892063492064,493.0517366796443,39.13109021267019,52.53016316704452,True,0,15686.769999999902,2.791759768957697,94.36190338696092,1.0545482052634505
D,2025-12-01,"Semanal, previsión ML",126,12600.0,5040.0,58.516888888888886,294925.12,13,260000.0,554925.12,44.04167619047619,497.6780648651529,39.49825911628198,55.68646479444578,True,0,6970.289999999921,1.2404959848310422,41.92895233111064,2.002747896809431
O,2025-12-01,Oráculo semanal,126,12600.0,5040.0,56.60146031746034,285271.3600000001,13,260000.0,545271.3600000001,43.27550476190477,492.7053575586024,39.10359980623828,32.81925883330405,True,0,16624.049999999814,2.95856661295735,100.0,0.983555279003112
A,2025-12-08,Horario fijo (mes anterior),126,12600.0,5040.0,74.05856150793652,373255.15,14,280000.0,653255.15,51.84564682539683,548.4903303251532,43.53097859723438,37.45208970783278,True,0,0.0,0.0,0.0,0.0
B,2025-12-08,Paradas en horas caras,126,12600.0,5040.0,74.6027003968254,375997.61,14,280000.0,655997.61,52.06330238095238,552.022065793436,43.81127506297111,2.983093415852636,True,0,-2742.4599999999627,-0.4198145242329835,-15.036043168465156,0.6439011360855007
OD,2025-12-08,Óptimo diario,126,12600.0,5040.0,73.95430555555555,372729.6999999999,14,280000.0,652729.7,51.80394444444444,549.6059868981829,43.619522769697056,2.7668925812467933,True,0,525.4500000000698,0.0804356460106085,2.880876615473398,0.2034049665685655
C,2025-12-08,"Semanal, previsión ingenua",126,12600.0,5040.0,75.6200257936508,381124.93,13,260000.0,641124.9299999999,50.882930952380946,554.0252568966074,43.97025848385773,66.90983262425289,True,0,12130.220000000088,1.8568885373502355,66.50617021323309,1.0091201732167263
L,2025-12-08,"Semanal, previsión LEAR",126,12600.0,5040.0,74.94304761904762,377712.96,13,260000.0,637712.96,50.61213968253968,548.6590746493044,43.54437100391306,86.7245678328909,False,0,15542.19000000006,2.3791913465971235,85.21292553856448,0.0307652322787843
D,2025-12-08,"Semanal, previsión ML",126,12600.0,5040.0,74.77640873015872,376873.1,13,260000.0,636873.1,50.54548412698413,544.3498159416997,43.20236634457934,60.25583324953914,True,0,16382.050000000048,2.5077567318068668,89.81761301457766,-0.7548928676644029
O,2025-12-08,Oráculo semanal,126,12600.0,5040.0,74.40791865079366,375015.91,13,260000.0,635015.91,50.398088095238094,543.0022788702856,43.095418957959176,34.886453041341156,True,0,18239.23999999999,2.792054528770265,100.0,-1.0005739666575586
A,2025-12-15,Horario fijo (mes anterior),126,12600.0,5040.0,81.51191071428569,410820.0299999999,14,280000.0,690820.0299999999,54.8269865079365,560.3428292512097,44.47165311517536,29.93841137504205,True,0,0.0,0.0,0.0,0.0
B,2025-12-15,Paradas en horas caras,126,12600.0,5040.0,81.50711706349206,410795.87,14,280000.0,690795.87,54.825069047619046,561.0797286367201,44.53013719339049,5.0007275845855474,True,0,24.15999999991618,0.0034972929201135,0.120307640978875,0.1315086670235832
OD,2025-12-15,Óptimo diario,126,12600.0,5040.0,81.27683134920635,409635.23,14,280000.0,689635.23,54.73295476190476,560.8553807173341,44.512331802963025,3.1949179186485708,True,0,1184.7999999999302,0.1715063183677419,5.899854844050381,0.0914710493947756
C,2025-12-15,"Semanal, previsión ingenua",126,12600.0,5040.0,82.90940476190477,417863.4,13,260000.0,677863.4,53.79868253968254,570.7390626235597,45.29675100186982,113.14716804260388,True,0,12956.629999999888,1.8755434754837508,64.5191055604932,1.855334418438548
L,2025-12-15,"Semanal, previsión LEAR",126,12600.0,5040.0,81.88568650793651,412703.86,13,260000.0,672703.86,53.38919523809524,564.9103799166653,44.83415713624328,37.522546832915395,True,0,18116.169999999925,2.6224152765228776,90.21165878641632,0.815135025741176
D,2025-12-15,"Semanal, previsión ML",126,12600.0,5040.0,81.70778373015872,411807.23,13,260000.0,671807.23,53.31803412698413,564.3924152548631,44.79304882975104,65.68454112485051,True,0,19012.79999999993,2.752207401977029,94.67653627529312,0.7226979256725663
O,2025-12-15,Oráculo semanal,126,12600.0,5040.0,81.49567063492063,410738.17999999993,13,260000.0,670738.1799999999,53.23318888888888,560.8803887586164,44.51431656814416,60.472628249786794,False,0,20081.849999999977,2.9069582710275466,100.0,0.0959340388321017
A,2025-12-22,Horario fijo (mes anterior),126,12600.0,5040.0,63.253525793650795,318797.77,14,280000.0,598797.77,47.52363253968254,449.1904206300373,35.65003338333629,33.06053925026208,True,0,0.0,0.0,0.0,0.0
B,2025-12-22,Paradas en horas caras,126,12600.0,5040.0,62.97719444444446,317405.06000000006,14,280000.0,597405.06,47.41310000000001,449.2287269156949,35.65307356473769,3.846138251479715,True,0,1392.7099999999627,0.232584366504899,7.073554380955249,0.0085278500828067
OD,2025-12-22,Óptimo diario,126,12600.0,5040.0,62.87791666666666,316904.69999999995,14,280000.0,596904.7,47.37338888888888,450.3676840203801,35.743466985744455,3.284781499765814,True,0,1893.0700000000652,0.3161451319366244,9.61487574007207,0.2620855958352042
C,2025-12-22,"Semanal, previsión ingenua",126,12600.0,5040.0,63.539303571428576,320238.09,13,260000.0,580238.0900000001,46.05064206349207,451.734794930077,35.851967851593415,87.81527466932312,False,0,18559.679999999935,3.099490500774566,94.26435207123562,0.5664355656719078
L,2025-12-22,"Semanal, previsión LEAR",126,12600.0,5040.0,64.00331944444444,322576.73,13,260000.0,582576.73,46.23624841269841,456.5246707051961,36.23211672263461,67.88776458334178,True,0,16221.040000000035,2.7089346040817817,82.38643260668313,1.632770811290185
D,2025-12-22,"Semanal, previsión ML",126,12600.0,5040.0,64.34148015873016,324281.06000000006,13,260000.0,584281.06,46.3715126984127,458.85448538545114,36.41702264963898,94.0993820829317,False,0,14516.709999999965,2.424309295607424,73.73016465564214,2.1514405275738113
O,2025-12-22,Oráculo semanal,126,12600.0,5040.0,63.31523809523811,319108.80000000005,13,260000.0,579108.8,45.961015873015874,450.7512922959116,35.77391208697711,60.51028345897794,False,0,19688.969999999972,3.2880833874848885,100.0,0.3474855193227544
A,2025-12-29,Horario fijo (mes anterior),126,12600.0,5040.0,82.32400793650793,414912.99999999994,14,280000.0,694913.0,55.151825396825394,519.8768732996399,41.26006930949523,32.85496533289552,True,0,0.0,0.0,0.0,0.0
B,2025-12-29,Paradas en horas caras,126,12600.0,5040.0,81.95419246031746,413049.13,14,280000.0,693049.13,55.00389920634921,520.5102800239848,41.31033968444324,3.54368166718632,True,0,1863.8699999999951,0.2682163090919288,10.699978988919137,0.1218378344712167
OD,2025-12-29,Óptimo diario,126,12600.0,5040.0,81.77938492063491,412168.1,14,280000.0,692168.1,54.93397619047619,519.9422265417904,41.265256074745274,3.3055565813556314,True,0,2744.9000000000233,0.3949990862165513,15.75773649808434,0.0125709077489322
C,2025-12-29,"Semanal, previsión ingenua",126,12600.0,5040.0,83.85541666666666,422631.29999999993,13,260000.0,682631.2999999999,54.1770873015873,533.5867374560935,42.34815376635663,75.3995610428974,True,0,12281.70000000007,1.7673723185492385,70.50595371362232,2.637136764603043
L,2025-12-29,"Semanal, previsión LEAR",126,12600.0,5040.0,82.90315277777776,417831.89,13,260000.0,677831.8899999999,53.796181746031735,513.1352092148011,40.72501660434929,33.453818418085575,True,0,17081.110000000102,2.4580213638254143,98.05808243462158,-1.2967809169986189
D,2025-12-29,"Semanal, previsión ML",126,12600.0,5040.0,83.70507936507936,421873.6,13,260000.0,681873.6,54.11695238095238,534.5694156578227,42.42614409982719,81.16697858460248,False,0,13039.400000000023,1.8764075502976665,74.85570668990476,2.826158098730125
O,2025-12-29,Oráculo semanal,126,12600.0,5040.0,82.8360357142857,417493.61999999994,13,260000.0,677493.6199999999,53.76933492063491,513.1423405451128,40.72558258294546,58.47857108293101,True,0,17419.38000000012,2.506699399780997,100.0,-1.29540918252109
A,2026-01-05,Horario fijo (mes anterior),126,12600.0,5040.0,75.0073234126984,378036.9099999999,13,260000.0,638036.9099999999,50.63784999999999,417.5233789140511,33.13677610428977,58.99747979082167,True,0,0.0,0.0,0.0,0.0
B,2026-01-05,Paradas en horas caras,126,12600.0,5040.0,70.13256944444444,353468.15,14,280000.0,633468.15,50.27525,411.84038254459864,32.68574464639672,3.451268583070487,True,0,4568.759999999893,0.7160651567947525,19.93005574514318,-1.3611205159896669
OD,2026-01-05,Óptimo diario,126,12600.0,5040.0,70.02604563492064,352931.27,14,280000.0,632931.27,50.232640476190475,410.7043189773721,32.59558087122001,4.749640958383679,True,0,5105.639999999898,0.8002107589668909,22.272058461077656,-1.6332163133989883
C,2026-01-05,"Semanal, previsión ingenua",126,12600.0,5040.0,71.63810515873017,361056.0500000001,13,260000.0,621056.05,49.2901626984127,416.4754561283296,33.05360762923251,75.0695041269064,False,0,16980.85999999987,2.661422832105414,74.07469125112226,-0.2509854151034774
L,2026-01-05,"Semanal, previsión LEAR",126,12600.0,5040.0,70.75723611111111,356616.47,13,260000.0,616616.47,48.93781507936508,415.7294805004011,32.99440321431755,15.684609457850456,True,0,21420.439999999944,3.3572415113100504,93.44123203790603,-0.4296522073364506
D,2026-01-05,"Semanal, previsión ML",126,12600.0,5040.0,72.8804742063492,367317.59,13,260000.0,627317.59,49.78711031746032,417.67681743321714,33.14895376454104,88.67168087372556,False,0,10719.319999999949,1.680047005431073,46.760312458967455,0.0367496832309521
O,2026-01-05,Oráculo semanal,126,12600.0,5040.0,70.45891666666665,355112.93999999994,13,260000.0,615112.94,48.8184873015873,413.729156228623,32.83564731973198,29.473959917202592,True,0,22923.969999999972,3.5928908877701096,100.0,-0.908744965442787
A,2026-01-12,Horario fijo (mes anterior),126,12600.0,5040.0,106.37985714285712,536154.48,13,260000.0,796154.48,63.18686349206349,535.8151612185982,42.525012795126834,59.8645250829868,True,0,0.0,0.0,0.0,0.0
B,2026-01-12,Paradas en horas caras,126,12600.0,5040.0,102.28089285714285,515495.6999999999,14,280000.0,795495.7,63.13457936507936,524.8072591550408,41.65136977420959,3.201783000957221,True,0,658.7800000000279,0.0827452481332552,3.459244992134162,-2.054421535688211
OD,2026-01-12,Óptimo diario,126,12600.0,5040.0,102.3152361111111,515668.79,14,280000.0,795668.79,63.148316666666666,522.4324634655161,41.462893925834614,2.604259124957025,True,0,485.6899999999441,0.061004492494967,2.550351711086215,-2.497633273878619
C,2026-01-12,"Semanal, previsión ingenua",126,12600.0,5040.0,105.39362103174604,531183.8500000001,13,260000.0,791183.8500000001,62.792369047619054,534.8856191412481,42.45123961438477,27.876980958506465,True,0,4970.629999999888,0.6243298411132332,26.100711823751045,-0.1734818543088767
L,2026-01-12,"Semanal, previsión LEAR",126,12600.0,5040.0,106.01404563492063,534310.79,13,260000.0,794310.79,63.04053888888889,545.2418333558503,43.27316137744844,38.10626216745004,True,0,1843.689999999944,0.2315744050074232,9.681191595900556,1.7593141851031555
D,2026-01-12,"Semanal, previsión ML",126,12600.0,5040.0,104.7809603174603,528096.0399999999,13,260000.0,788096.0399999999,62.547304761904755,533.9334518722151,42.37567078350913,67.93554745893925,True,0,8058.4400000000605,1.0121704019049245,42.31476094358153,-0.3511862826172329
O,2026-01-12,Oráculo semanal,126,12600.0,5040.0,102.60127777777778,517110.44,13,260000.0,777110.44,61.67543174603174,527.2449416670886,41.84483664024512,40.779743124730885,True,0,19044.040000000037,2.3920031197965548,100.0,-1.599473133984941
A,2026-01-19,Horario fijo (mes anterior),126,12600.0,5040.0,60.072442460317454,302765.11,13,260000.0,562765.11,44.66389761904762,364.99325983919834,28.96771903485701,55.40704191708937,True,0,0.0,0.0,0.0,0.0
B,2026-01-19,Paradas en horas caras,126,12600.0,5040.0,55.531371031746026,279878.11,14,280000.0,559878.11,44.43477063492063,346.3744332863413,27.490034387804865,3.014585751108825,True,0,2887.0,0.5130026628694163,10.350074139083192,-5.101142569333961
OD,2026-01-19,Óptimo diario,126,12600.0,5040.0,54.87825198412699,276586.39,14,280000.0,556586.39,44.173523015873016,345.96752247142774,27.45773987868474,2.6328339581377804,True,0,6178.719999999972,1.0979216533164204,22.151094591145068,-5.212627043072682
C,2026-01-19,"Semanal, previsión ingenua",126,12600.0,5040.0,58.998273809523816,297351.30000000005,14,280000.0,577351.3,45.82153174603175,357.4458858401324,28.368721098423208,54.78181054256856,True,0,-14586.19000000006,-2.5918788746516395,-52.292396226794075,-2.0678118829895675
L,2026-01-19,"Semanal, previsión LEAR",126,12600.0,5040.0,55.06855753968254,277545.52999999997,13,260000.0,537545.53,42.66234365079365,354.42694371658365,28.129122517189177,39.56396754318848,True,0,25219.57999999996,4.481368789902409,90.4137591813437,-2.8949345879071275
D,2026-01-19,"Semanal, previsión ML",126,12600.0,5040.0,55.50215277777777,279730.85,13,260000.0,539730.85,42.83578174603174,354.87268445433364,28.164498766216955,35.24902937421575,True,0,23034.26000000001,4.093050473580356,82.5792513816829,-2.7728115826915367
O,2026-01-19,Oráculo semanal,126,12600.0,5040.0,54.53801388888888,274871.58999999997,13,260000.0,534871.59,42.45012619047619,347.3716280972621,27.569176833116043,49.215644291136414,True,0,27893.52000000002,4.956511962868491,100.0,-4.827933466415146
A,2026-01-26,Horario fijo (mes anterior),126,12600.0,5040.0,19.64568452380952,99014.25,13,260000.0,359014.25,28.493194444444445,280.5519862095559,22.266030651552057,56.34220966696739,True,0,0.0,0.0,0.0,0.0
B,2026-01-26,Paradas en horas caras,126,12600.0,5040.0,13.299871031746031,67031.35,14,280000.0,347031.35,27.54217063492063,279.1883299419428,22.157803963646256,2.552856790833175,True,0,11982.900000000023,3.337722666997208,38.63222159856785,-0.4860618832313257
OD,2026-01-26,Óptimo diario,126,12600.0,5040.0,12.918460317460315,65109.04,14,280000.0,345109.04,27.389606349206343,279.5648075045302,22.187683135280174,2.709743249230087,True,0,13905.21000000002,3.87316380895745,44.829645085465245,-0.3518701536792123
C,2026-01-26,"Semanal, previsión ingenua",126,12600.0,5040.0,14.538861111111114,73275.86000000002,13,260000.0,333275.86,26.45046507936508,279.02353565678663,22.144725052125924,47.67607828928158,True,0,25738.390000000018,7.169183395923703,82.97917750046828,-0.5448011876228787
L,2026-01-26,"Semanal, previsión LEAR",126,12600.0,5040.0,15.457121031746029,77903.88999999998,13,260000.0,337903.89,26.81776904761905,278.057941995462,22.068090634560477,75.55122879240662,True,0,21110.359999999982,5.880089717887238,68.05865905127646,-0.8889775644756903
D,2026-01-26,"Semanal, previsión ML",126,12600.0,5040.0,16.148281746031746,81387.34,13,260000.0,341387.33999999997,27.09423333333333,278.1246571471771,22.073385487871203,82.00245362566784,True,0,17626.910000000033,4.909807897597388,56.82820462642696,-0.8651976038999365
O,2026-01-26,Oráculo semanal,126,12600.0,5040.0,13.491341269841268,67996.35999999999,13,260000.0,327996.36,26.031457142857143,275.90282654311187,21.8970497256438,9.516181000042709,True,0,31017.890000000018,8.639737837704217,100.0,-1.657147300668671
A,2026-02-02,Horario fijo (mes anterior),126,12600.0,5040.0,10.779511904761904,54328.74,13,260000.0,314328.74,24.946725396825396,269.52470469406114,21.39084957889374,60.03220249991864,True,0,0.0,0.0,0.0,0.0
B,2026-02-02,Paradas en horas caras,126,12600.0,5040.0,3.5084384920634917,17682.53,14,280000.0,297682.53,23.62559761904762,263.49337680272606,20.912172762121116,3.547485542949289,True,0,16646.209999999963,5.29579636911342,64.52296978668444,-2.2377644001804087
OD,2026-02-02,Óptimo diario,126,12600.0,5040.0,3.548206349206349,17882.96,14,280000.0,297882.96,23.641504761904763,263.42651408781836,20.906866197445904,2.9593943329527974,True,0,16445.77999999997,5.232031916648783,63.74607589706363,-2.2625720388655512
C,2026-02-02,"Semanal, previsión ingenua",126,12600.0,5040.0,6.154220238095236,31017.269999999993,13,260000.0,291017.27,23.09660873015873,262.72482018770177,20.851176205373157,35.47720016585663,True,0,23311.469999999972,7.416270621642798,90.35842239724252,-2.5229169675106244
L,2026-02-02,"Semanal, previsión LEAR",126,12600.0,5040.0,3.7406746031746025,18852.999999999996,14,280000.0,298853.0,23.718492063492064,262.0591749290918,20.798347216594586,101.90016316669062,True,0,15475.73999999999,4.923425074016455,59.98606916809205,-2.7698870029163047
D,2026-02-02,"Semanal, previsión ML",126,12600.0,5040.0,6.361293650793652,32060.92000000001,13,260000.0,292060.92,23.179438095238098,263.8572297581479,20.94104998080539,100.24540191702545,False,0,22267.820000000007,7.084245621319899,86.31309331525503,-2.102766402191736
O,2026-02-02,Oráculo semanal,126,12600.0,5040.0,5.660684523809524,28529.85,13,260000.0,288529.85,22.899194444444444,259.53228435500546,20.597800345635353,34.75350712519139,True,0,25798.890000000018,8.20761410490177,100.0,-3.707422794655546
A,2026-02-09,Horario fijo (mes anterior),126,12600.0,5040.0,5.430345238095239,27368.94,13,260000.0,287368.94,22.80705873015873,274.4841564090789,21.7844568578634,60.499383207876235,False,0,0.0,0.0,0.0,0.0
B,2026-02-09,Paradas en horas caras,126,12600.0,5040.0,0.766640873015873,3863.87,14,280000.0,283863.87,22.52887857142857,277.344683836579,22.01148284417294,3.0082735014148057,True,0,3505.070000000007,1.219710801035076,17.256825171912475,1.0421466451553396
OD,2026-02-09,Óptimo diario,126,12600.0,5040.0,0.6056091269841269,3052.27,14,280000.0,283052.27,22.464465873015875,278.41596138085674,22.096504871496567,2.6340689584612846,True,0,4316.669999999984,1.5021351994408243,21.252648168178947,1.4324342152259195
C,2026-02-09,"Semanal, previsión ingenua",126,12600.0,5040.0,2.5063492063492063,12632.0,13,260000.0,272632.0,21.637460317460317,274.74290222309105,21.80499223992786,87.49828475294635,True,0,14736.940000000002,5.128229933269755,72.55569707565422,0.094266210989069
L,2026-02-09,"Semanal, previsión LEAR",126,12600.0,5040.0,1.9154801587301589,9654.02,13,260000.0,269654.02,21.4011126984127,274.4883018984697,21.78478586495791,92.5814311672002,True,0,17714.919999999984,6.164521468464888,87.21745282531157,0.0015102836699254
D,2026-02-09,"Semanal, previsión ML",126,12600.0,5040.0,1.731595238095238,8727.24,13,260000.0,268727.24,21.327558730158728,274.20735444306297,21.76248844786214,72.63561845989898,True,0,18641.70000000001,6.487026746871117,91.78035183526728,-0.10084442382291
O,2026-02-09,Oráculo semanal,126,12600.0,5040.0,1.400343253968254,7057.73,13,260000.0,267057.73,21.195057936507936,273.6590659459371,21.718973487772782,28.610450875014067,True,0,20311.21000000002,7.067990716046077,100.0,-0.300596753537985
A,2026-02-16,Horario fijo (mes anterior),126,12600.0,5040.0,15.324230158730158,77234.12,13,260000.0,337234.12,26.764612698412694,315.3455152335646,25.0274218439337,60.631044208072126,False,0,0.0,0.0,0.0,0.0
B,2026-02-16,Paradas en horas caras,126,12600.0,5040.0,8.267551587301588,41668.46,14,280000.0,321668.46,25.529242857142854,310.61657848022367,24.652109403192355,2.8337555825710297,True,0,15565.659999999974,4.615683608764136,50.0107471157086,-1.4996048857198296
OD,2026-02-16,Óptimo diario,126,12600.0,5040.0,8.122761904761905,40938.72,14,280000.0,320938.72,25.471326984126986,311.1956826988216,24.698070055462033,3.736783500295133,True,0,16295.400000000023,4.832073338249411,52.355321171689496,-1.3159637078299258
C,2026-02-16,"Semanal, previsión ingenua",126,12600.0,5040.0,11.874920634920636,59849.600000000006,13,260000.0,319849.6,25.384888888888888,316.2397858912258,25.09839570565284,77.09433100093156,False,0,17384.52000000002,5.15502998332435,55.85454349176205,0.283584390600522
L,2026-02-16,"Semanal, previsión LEAR",126,12600.0,5040.0,9.244908730158729,46594.34,13,260000.0,306594.33999999997,24.332884126984123,310.3692693416382,24.63248169378081,96.81218433240429,False,0,30639.780000000028,9.08561091030766,98.44223047792062,-1.5780297012439437
D,2026-02-16,"Semanal, previsión ML",126,12600.0,5040.0,12.93781746031746,65206.600000000006,13,260000.0,325206.6,25.810047619047616,317.76429172737056,25.219388232331,72.81717408355325,False,0,12027.52000000002,3.5665193071211236,38.64309390987143,0.7670242248457138
O,2026-02-16,Oráculo semanal,126,12600.0,5040.0,9.148708333333332,46109.49,13,260000.0,306109.49,24.294403968253967,309.84229261954073,24.590658144407993,14.356729958206415,True,0,31124.630000000005,9.22938343249491,100.0,-1.7451405991766866
A,2026-02-23,Horario fijo (mes anterior),126,12600.0,5040.0,20.981255952380952,105745.53,13,260000.0,365745.53,29.02742301587302,356.1603616465733,28.266695368775657,60.62161308294162,False,0,0.0,0.0,0.0,0.0
B,2026-02-23,Paradas en horas caras,126,12600.0,5040.0,10.82624404761905,54564.27,14,280000.0,334564.27,26.55271984126984,331.3880288201583,26.30063720794907,2.32376516610384,True,0,31181.26000000001,8.525397425909759,80.24081565430417,-6.955387374352783
OD,2026-02-23,Óptimo diario,126,12600.0,5040.0,10.70324007936508,53944.329999999994,14,280000.0,333944.33,26.503518253968256,332.14668140140935,26.36084773027058,2.4554126262664795,True,0,31801.20000000001,8.69489778863463,81.83614859648576,-6.742378667335613
C,2026-02-23,"Semanal, previsión ingenua",126,12600.0,5040.0,10.781990079365078,54341.23,14,280000.0,334341.23,26.535018253968257,333.24674116862127,26.448154061001688,54.8859784998931,True,0,31404.300000000047,8.586379715973575,80.81477935954055,-6.433512244883044
L,2026-02-23,"Semanal, previsión LEAR",126,12600.0,5040.0,13.944555555555556,70280.56,13,260000.0,330280.56,26.212742857142857,337.50044846840547,26.78574987844488,64.04187737684697,True,0,35464.97000000003,9.69662431691237,91.26437225293104,-5.239188631744629
D,2026-02-23,"Semanal, previsión ML",126,12600.0,5040.0,10.768170634920637,54271.58,14,280000.0,334271.58,26.52949047619048,332.3525021541362,26.37718271064573,55.3187416670844,True,0,31473.95000000001,8.60542301091144,80.99401434909258,-6.684589880347835
O,2026-02-23,Oráculo semanal,126,12600.0,5040.0,13.271017857142857,66885.93,13,260000.0,326885.93,25.943327777777775,338.0250009620653,26.827381028735346,19.462421957869083,True,0,38859.600000000035,10.6247641632148,100.0,-5.0919087684732744
A,2026-03-02,Horario fijo (mes anterior),126,12600.0,5040.0,43.66428968253969,220068.02,14,280000.0,500068.02,39.687938095238096,337.22856957112356,26.76417218818441,32.27399916667491,True,0,0.0,0.0,0.0,0.0
B,2026-03-02,Paradas en horas caras,126,12600.0,5040.0,44.2539880952381,223040.1,14,280000.0,503040.1,39.92381746031746,337.2367242248886,26.764819382927666,2.883144875988364,True,0,-2972.079999999958,-0.5943351466466418,-17.883336632715846,0.0024181384677524
OD,2026-03-02,Óptimo diario,126,12600.0,5040.0,44.03410317460318,221931.88000000003,14,280000.0,501931.88,39.835863492063496,337.0529542991775,26.75023446818869,2.348770414479077,True,0,-1863.859999999986,-0.372721294995026,-11.215053368770011,-0.0520760361939154
C,2026-03-02,"Semanal, previsión ingenua",126,12600.0,5040.0,50.22819047619048,253150.08,13,260000.0,513150.08,40.726196825396826,351.72276969687584,27.914505531498083,44.40448404336348,True,0,-13082.059999999998,-2.61605611172656,-78.71621316700423,4.298034458997813
L,2026-03-02,"Semanal, previsión LEAR",126,12600.0,5040.0,45.14514880952381,227531.55,13,260000.0,487531.55,38.69298015873016,342.03664514503544,27.145765487701222,103.97347016772255,True,0,12536.47000000003,2.5069529541201274,75.43333732468403,1.4257616369890205
D,2026-03-02,"Semanal, previsión ML",126,12600.0,5040.0,46.6064246031746,234896.38,13,260000.0,494896.38,39.27749047619048,344.67315482521406,27.3550122877154,60.59875795757398,True,0,5171.640000000014,1.0341873091584648,31.11833431913681,2.2075784574119295
O,2026-03-02,Oráculo semanal,126,12600.0,5040.0,44.33506944444444,223448.75,13,260000.0,483448.75,38.368948412698415,339.9922306752503,26.98351037105161,19.98014458315447,True,0,16619.27000000002,3.323401884407649,100.0,0.8195216400678884
A,2026-03-09,Horario fijo (mes anterior),126,12600.0,5040.0,54.534339285714296,274853.07000000007,14,280000.0,554853.0700000001,44.03595793650794,362.9447438666656,28.805138402116317,31.61390949971974,True,0,0.0,0.0,0.0,0.0
B,2026-03-09,Paradas en horas caras,126,12600.0,5040.0,54.47612499999998,274559.6699999999,14,280000.0,554559.6699999999,44.012672222222214,363.3080133464221,28.833969313208105,2.7855220418423414,True,0,293.4000000001397,0.0528788639486377,1.4657160327560028,0.1000894725424084
OD,2026-03-09,Óptimo diario,126,12600.0,5040.0,53.955422619047624,271935.33,14,280000.0,551935.3300000001,43.804391269841275,362.9696976364668,28.807118860037043,2.18019283330068,True,0,2917.7399999999907,0.5258581339380515,14.575931484019938,0.0068753633226226
C,2026-03-09,"Semanal, previsión ingenua",126,12600.0,5040.0,52.05123214285714,262338.20999999996,14,280000.0,542338.21,43.042715079365074,354.93521654954424,28.16946163091621,22.82170562585816,True,0,12514.860000000102,2.255526855064549,62.51953288918953,-2.206817277966644
L,2026-03-09,"Semanal, previsión LEAR",126,12600.0,5040.0,51.78239682539683,260983.28000000003,14,280000.0,540983.28,42.935180952380954,355.2663015543733,28.195738218601058,69.01694446010515,True,0,13869.790000000035,2.499723034784693,69.28825348994293,-2.1155954017929246
D,2026-03-09,"Semanal, previsión ML",126,12600.0,5040.0,51.71454563492065,260641.31000000008,14,280000.0,540641.31,42.90804047619048,355.02909740699516,28.176912492618666,44.71539320796728,True,0,14211.76000000001,2.5613555675198856,70.99660697229226,-2.180950845393259
O,2026-03-09,Oráculo semanal,126,12600.0,5040.0,54.530863095238104,274835.55000000005,13,260000.0,534835.55,42.44726587301588,367.4312391147438,29.161209453551095,34.62571958405897,True,0,20017.52000000002,3.607715462401608,100.0,1.2361372698997952
A,2026-03-16,Horario fijo (mes anterior),126,12600.0,5040.0,20.922847222222224,105451.15,14,280000.0,385451.15,30.591361111111112,282.02273174295175,22.38275648753585,32.624689917080104,True,0,0.0,0.0,0.0,0.0
B,2026-03-16,Paradas en horas caras,126,12600.0,5040.0,21.180170634920636,106748.06,14,280000.0,386748.06,30.69429047619047,281.46973368874535,22.33886775307503,2.406645791605115,True,0,-1296.9099999999744,-0.3364654639115681,-9.436794556112256,-0.1960827947409704
OD,2026-03-16,Óptimo diario,126,12600.0,5040.0,20.52884523809524,103465.38,14,280000.0,383465.38,30.43376031746032,281.7988941770807,22.36499160135561,2.085123624186963,True,0,1985.7700000000184,0.515180717452787,14.449193487359636,-0.0793686255316061
C,2026-03-16,"Semanal, previsión ingenua",126,12600.0,5040.0,24.625710317460317,124113.58,13,260000.0,384113.58,30.485204761904765,287.46048637835474,22.81432431574244,34.41709116753191,True,0,1337.570000000007,0.3470141417401419,9.732651683169523,1.9281263612321853
L,2026-03-16,"Semanal, previsión LEAR",126,12600.0,5040.0,22.408293650793652,112937.8,13,260000.0,372937.8,29.598238095238095,283.7788292108313,22.52212930244693,32.051256416831166,True,0,12513.350000000037,3.2464165692591744,91.05174079830518,0.6226794049637663
D,2026-03-16,"Semanal, previsión ML",126,12600.0,5040.0,22.86792658730159,115254.35,13,260000.0,375254.35,29.782091269841267,283.8601743132177,22.52858526295379,34.71879799943417,True,0,10196.800000000048,2.6454195298159173,74.19567026992452,0.651522860909215
O,2026-03-16,Oráculo semanal,126,12600.0,5040.0,22.164291666666667,111708.03,13,260000.0,371708.03,29.500637301587304,282.36170477074774,22.409659108789505,18.226005792152137,True,0,13743.119999999995,3.565463483504977,100.0,0.1201935126651232
A,2026-03-23,Horario fijo (mes anterior),126,12600.0,5040.0,8.679410714285714,43744.23,14,280000.0,323744.23,25.693986507936508,280.9122309822949,22.29462150653134,28.91810558317229,True,0,0.0,0.0,0.0,0.0
B,2026-03-23,Paradas en horas caras,126,12600.0,5040.0,8.810289682539679,44403.859999999986,14,280000.0,324403.86,25.746338095238094,279.1859484786172,22.15761495862041,3.438021207693964,True,0,-659.6300000000047,-0.2037503494656892,-2.913687480150432,-0.6145273552672359
OD,2026-03-23,Óptimo diario,126,12600.0,5040.0,8.17910119047619,41222.67,14,280000.0,321222.67,25.4938626984127,281.1422436236783,22.31287647806971,3.327590126078576,True,0,2521.5599999999977,0.7788741130614121,11.13811955558126,0.0818806075403522
C,2026-03-23,"Semanal, previsión ingenua",126,12600.0,5040.0,10.48893849206349,52864.249999999985,13,260000.0,312864.25,24.830496031746033,280.37357736961894,22.251871219811022,44.35103120934218,True,0,10879.97999999998,3.36067147822217,48.058550263461065,-0.1917515698025562
L,2026-03-23,"Semanal, previsión LEAR",126,12600.0,5040.0,10.244672619047618,51633.149999999994,13,260000.0,311633.15,24.73278968253969,280.9032886470223,22.29391179738272,38.77191695803776,True,0,12111.079999999958,3.74094080379439,53.49650890211168,-0.0031833200146991
D,2026-03-23,"Semanal, previsión ML",126,12600.0,5040.0,9.490367063492062,47831.44999999999,13,260000.0,307831.45,24.43106746031746,277.88051154515387,22.054008852789988,29.052143543958664,True,0,15912.77999999997,4.915232002744874,70.28920434241587,-1.0792408100351092
O,2026-03-23,Oráculo semanal,126,12600.0,5040.0,8.15579761904762,41105.22,13,260000.0,301105.22,23.89723968253968,277.6497759992536,22.035696507877272,11.850501958746465,True,0,22639.01000000001,6.992869031210227,100.0,-1.161378759348819
A,2026-03-30,Horario fijo (mes anterior),126,12600.0,5040.0,6.126238095238095,30876.24,14,280000.0,310876.24,24.67271746031746,303.06540275152656,24.05280974218465,30.261293082963675,True,0,0.0,0.0,0.0,0.0
B,2026-03-30,Paradas en horas caras,126,12600.0,5040.0,5.9855238095238095,30167.04,14,280000.0,310167.04,24.616431746031743,305.0853146959446,24.213120213963855,3.843806293793022,True,0,709.2000000000116,0.2281293674936404,4.173490566981598,0.6664937423009221
OD,2026-03-30,Óptimo diario,126,12600.0,5040.0,5.44118253968254,27423.56,14,280000.0,307423.56,24.39869523809524,303.9668680695256,24.12435460869251,3.476207375060767,True,0,3452.679999999993,1.110628461023587,20.318284561203832,0.2974491016838776
C,2026-03-30,"Semanal, previsión ingenua",126,12600.0,5040.0,7.394283730158731,37267.19,13,260000.0,297267.19,23.592634126984127,304.16761187790246,24.140286656976382,54.09706700174138,True,0,13609.049999999988,4.377642369838232,80.0863533567117,0.3636868861865983
L,2026-03-30,"Semanal, previsión LEAR",126,12600.0,5040.0,7.628109126984127,38445.67,13,260000.0,298445.67,23.686164285714284,297.2398288249551,23.590462605155167,115.11102754296736,True,0,12430.570000000009,3.998559040729522,73.15125019346252,-1.922216747171124
D,2026-03-30,"Semanal, previsión ML",126,12600.0,5040.0,6.84197619047619,34483.56,13,260000.0,294483.56,23.37171111111111,302.13805301767184,23.979210556958083,82.84104237752035,True,0,16392.679999999993,5.273056570679056,96.4674215278437,-0.3059899696353785
O,2026-03-30,Oráculo semanal,126,12600.0,5040.0,6.722871031746033,33883.270000000004,13,260000.0,293883.27,23.324069047619048,294.8538856491589,23.401102035647533,49.781837166752666,True,0,16992.969999999972,5.466152704368778,100.0,-2.709486806417172
A,2026-04-06,Horario fijo (mes anterior),126,12600.0,5040.0,26.489039682539683,133504.76,14,280000.0,413504.76,32.817838095238095,335.4097875825009,26.61982441130959,28.071289833635092,True,0,0.0,0.0,0.0,0.0
B,2026-04-06,Paradas en horas caras,126,12600.0,5040.0,25.384003968253968,127935.38,14,280000.0,407935.38,32.37582380952381,328.22666126495176,26.049735021027917,4.274596209637821,True,0,5569.380000000005,1.3468720408442223,18.704101423114075,-2.141597110007498
OD,2026-04-06,Óptimo diario,126,12600.0,5040.0,24.59366666666667,123952.08000000002,14,280000.0,403952.08,32.05968888888889,330.25849576813226,26.210991727629544,2.158920789603144,True,0,9552.679999999991,2.310174131973715,32.081541496998426,-1.53582036215969
C,2026-04-06,"Semanal, previsión ingenua",126,12600.0,5040.0,27.33540476190476,137770.44,13,260000.0,397770.44,31.56908253968254,332.0034866298552,26.349483065861527,35.9533986649476,True,0,15734.320000000009,3.805112182989141,52.84184543050253,-1.0155639694347962
L,2026-04-06,"Semanal, previsión LEAR",126,12600.0,5040.0,26.69487896825397,134542.19,13,260000.0,394542.19,31.31287222222222,327.9213969027453,26.02550769069407,79.34367191558704,True,0,18962.570000000007,4.585816617927205,63.683539733848306,-2.2326094696666132
D,2026-04-06,"Semanal, previsión ML",126,12600.0,5040.0,26.63571428571429,134244.0,13,260000.0,394244.0,31.28920634920635,327.41054684854106,25.984964035598495,61.00004133442417,True,0,19260.76000000001,4.65792945164646,64.68497544183707,-2.384915715076519
O,2026-04-06,Oráculo semanal,126,12600.0,5040.0,24.54930753968254,123728.51,13,260000.0,383728.51,30.454643650793653,328.0344540142127,26.034480477318468,11.94955424964428,True,0,29776.25,7.20094491778039,100.0,-2.19890231034896
A,2026-04-13,Horario fijo (mes anterior),126,12600.0,5040.0,37.398319444444446,188487.53,14,280000.0,468487.53,37.18155,367.03921018397966,29.130096046347592,27.003033957909793,True,0,0.0,0.0,0.0,0.0
B,2026-04-13,Paradas en horas caras,126,12600.0,5040.0,37.93301984126984,191182.42,14,280000.0,471182.42,37.39543015873016,366.441738031763,29.082677621568493,2.868103959597647,True,0,-2694.889999999956,-0.5752319597492713,-9.94545828291186,-0.1627815600183879
OD,2026-04-13,Óptimo diario,126,12600.0,5040.0,36.06074404761905,181746.15,14,280000.0,461746.15,36.64651984126984,364.46588165039054,28.92586362304687,2.3600166253745556,True,0,6741.380000000005,1.4389667959785406,24.878979683496357,-0.7011045311205888
C,2026-04-13,"Semanal, previsión ingenua",126,12600.0,5040.0,36.757265873015875,185256.62,13,260000.0,445256.62,35.337826984126984,363.22757556946107,28.82758536265564,33.30395712796599,True,0,23230.910000000033,4.958704023562811,85.73338662397504,-1.0384815869149189
L,2026-04-13,"Semanal, previsión LEAR",126,12600.0,5040.0,37.598886904761905,189498.39,13,260000.0,449498.39,35.6744753968254,368.4997192649813,29.24600946547471,40.291832665447146,True,0,18989.140000000018,4.053286114146947,70.07918679366362,0.3979163643768713
D,2026-04-13,"Semanal, previsión ML",126,12600.0,5040.0,37.79131746031746,190468.24,13,260000.0,450468.24,35.75144761904762,369.70773918714445,29.34188406247178,46.20003816625103,True,0,18019.290000000037,3.846268864402866,66.49996733918422,0.727041942420037
O,2026-04-13,Oráculo semanal,126,12600.0,5040.0,35.99024603174603,181390.84,13,260000.0,441390.84,35.03101904761905,360.4404275015885,28.606383135046705,16.92752066720277,True,0,27096.69000000006,5.783865794677621,100.0,-1.7978413475452704
A,2026-04-20,Horario fijo (mes anterior),126,12600.0,5040.0,40.80592063492064,205661.84000000003,14,280000.0,485661.84,38.54459047619048,335.916250485766,26.6600198798227,28.127838124986734,True,0,0.0,0.0,0.0,0.0
B,2026-04-20,Paradas en horas caras,126,12600.0,5040.0,41.17189087301587,207506.33,14,280000.0,487506.33,38.690978571428566,337.09817240818614,26.7538232069989,2.4297920423559844,True,0,-1844.4899999999325,-0.3797889494467863,-6.9339878522036855,0.351850177153068
OD,2026-04-20,Óptimo diario,126,12600.0,5040.0,39.22109523809524,197674.32,14,280000.0,477674.32,37.91066031746032,334.5871826602727,26.554538306370848,2.69260841794312,True,0,7987.520000000019,1.6446669971023498,30.02746919161185,-0.3956545191164062
C,2026-04-20,"Semanal, previsión ingenua",126,12600.0,5040.0,40.36041468253968,203416.49,13,260000.0,463416.49,36.779086507936505,340.7313725525149,27.042172424802775,61.11057216487825,True,0,22245.350000000035,4.5804195775398036,83.6269031916818,1.433429332396341
L,2026-04-20,"Semanal, previsión LEAR",126,12600.0,5040.0,39.56126785714285,199388.79,13,260000.0,459388.79,36.459427777777776,337.18156291687217,26.76044150133906,69.79940733127296,True,0,26273.050000000047,5.409741477732746,98.76822836683692,0.3766749686198389
D,2026-04-20,"Semanal, previsión ML",126,12600.0,5040.0,40.90100992063491,206141.08999999997,13,260000.0,466141.09,36.9953246031746,342.6250171928508,27.192461681972286,65.16927000042051,True,0,19520.75000000006,4.019411943091938,73.38431944109779,1.9971545578349792
O,2026-04-20,Oráculo semanal,126,12600.0,5040.0,39.49625595238096,199061.13,13,260000.0,459061.13,36.43342301587302,336.33638201519693,26.693363651999757,51.802174041979015,True,0,26600.71000000002,5.477208174313225,100.0,0.125070320004883
A,2026-04-27,Horario fijo (mes anterior),126,12600.0,5040.0,45.0175119047619,226888.26,14,280000.0,506888.26,40.22922698412698,381.0195950059754,30.23965039729963,28.045219417195767,True,0,0.0,0.0,0.0,0.0
B,2026-04-27,Paradas en horas caras,126,12600.0,5040.0,45.136609126984126,227488.51,14,280000.0,507488.51,40.27686587301587,380.78982338881514,30.22141455466787,2.157209875062108,True,0,-600.25,-0.1184186037372418,-2.4206459626327237,-0.060304409582057
OD,2026-04-27,Óptimo diario,126,12600.0,5040.0,43.64360317460318,219963.76,14,280000.0,499963.76,39.67966349206349,375.40347725862114,29.79392676655723,1.8478670422919097,True,0,6924.5,1.3660801692270403,27.92463634860524,-1.4739708458474945
C,2026-04-27,"Semanal, previsión ingenua",126,12600.0,5040.0,44.53113293650794,224436.91,13,260000.0,484436.91,38.44737380952381,371.0756513469529,29.450448519599437,58.44548212457448,True,0,22451.349999999977,4.429250344050181,90.5402244617312,-2.6098247411308506
L,2026-04-27,"Semanal, previsión LEAR",126,12600.0,5040.0,44.242801587301585,222983.72,13,260000.0,482983.72,38.33204126984127,377.3274696868599,29.946624578322215,66.32876754272729,True,0,23904.540000000037,4.715938775145441,96.40054683813834,-0.969011926816421
D,2026-04-27,"Semanal, previsión ML",126,12600.0,5040.0,44.57739880952381,224670.09,13,260000.0,484670.09,38.46588015873016,371.8433339206615,29.51137570798901,70.25668650120497,True,0,22218.17000000004,4.3832480949549,89.59987256574362,-2.4083436142359083
O,2026-04-27,Oráculo semanal,126,12600.0,5040.0,44.065706349206344,222091.15999999997,13,260000.0,482091.16,38.261203174603175,375.2920196857568,29.78508092744102,19.16162829194218,True,0,24797.100000000035,4.89202492083759,100.0,-1.5032232975127569
A,2026-05-04,Horario fijo (mes anterior),126,12600.0,5040.0,49.594561507936504,249956.59,13,260000.0,509956.59,40.47274523809523,402.9435557063224,31.97964727827956,27.32299870904535,True,0,0.0,0.0,0.0,0.0
B,2026-05-04,Paradas en horas caras,126,12600.0,5040.0,48.18615873015873,242858.24,14,280000.0,522858.24,41.49668571428571,407.1507361500665,32.31355048810051,2.1485778745263815,True,0,-12901.650000000023,-2.529950637563096,-58.580383802279904,1.0441116092225975
OD,2026-05-04,Óptimo diario,126,12600.0,5040.0,45.43364880952382,228985.59000000003,14,280000.0,508985.59,40.39568174603175,402.3449111072971,31.93213580216644,1.797267833258957,True,0,970.9999999999418,0.1904083639746555,4.408858763957345,-0.1485678553602709
C,2026-05-04,"Semanal, previsión ingenua",126,12600.0,5040.0,45.62393650793651,229944.64,13,260000.0,489944.64,38.88449523809524,393.5538272637077,31.234430735214897,49.978837001137435,True,0,20011.949999999953,3.9242457872737666,90.86494453283343,-2.3302838101369683
L,2026-05-04,"Semanal, previsión LEAR",126,12600.0,5040.0,45.45293650793652,229082.80000000005,13,260000.0,489082.8000000001,38.81609523809525,395.5055360444111,31.38932825749294,40.70430258149281,True,0,20873.78999999992,4.093248407673273,94.7781585772506,-1.8459209873385785
D,2026-05-04,"Semanal, previsión ML",126,12600.0,5040.0,46.117712301587304,232433.27,13,260000.0,492433.27,39.082005555555554,394.8850228545516,31.340081178932667,50.54478120757267,True,0,17523.31999999995,3.4362375824969633,79.56523476378312,-1.9999160521738448
O,2026-05-04,Oráculo semanal,126,12600.0,5040.0,45.22475198412698,227932.75,13,260000.0,487932.75,38.72482142857143,393.8588140214109,31.258636033445313,42.10028604092077,True,0,22023.839999999967,4.318767603336584,100.0,-2.254594112812347
A,2026-05-11,Horario fijo (mes anterior),126,12600.0,5040.0,41.973777777777784,211547.84000000003,13,260000.0,471547.84,37.42443174603175,384.0407498943159,30.479424594786977,28.077395332977176,True,0,0.0,0.0,0.0,0.0
B,2026-05-11,Paradas en horas caras,126,12600.0,5040.0,38.248289682539685,192771.38,14,280000.0,472771.38,37.52153809523809,380.52326156426153,30.20025885430647,2.156955790705979,True,0,-1223.539999999979,-0.2594731427462331,-4.455482139508215,-0.9159153894534257
OD,2026-05-11,Óptimo diario,126,12600.0,5040.0,36.804730158730166,185495.84000000003,14,280000.0,465495.84,36.944114285714285,380.6453183645883,30.209945901951453,2.277280541602522,True,0,6052.0,1.283432875018577,22.03816622938701,-0.8841331370855854
C,2026-05-11,"Semanal, previsión ingenua",126,12600.0,5040.0,37.58526587301588,189429.74,13,260000.0,449429.74,35.66902698412699,377.12213180516255,29.930327921044643,59.2038317094557,True,0,22118.100000000035,4.690531505774692,80.54236029051644,-1.8015322829822875
L,2026-05-11,"Semanal, previsión LEAR",126,12600.0,5040.0,36.916825396825395,186060.8,13,260000.0,446060.8,35.401650793650795,374.9082524956867,29.75462321394339,66.16113216709346,True,0,25487.040000000037,5.404974392417965,92.8102485484198,-2.3780021784517325
D,2026-05-11,"Semanal, previsión ML",126,12600.0,5040.0,37.832793650793654,190677.28000000003,13,260000.0,450677.28,35.7680380952381,375.73026242688536,29.819862097371853,64.69476883113384,True,0,20870.56,4.425968741580917,75.99948291149954,-2.1639598062751175
O,2026-05-11,Oráculo semanal,126,12600.0,5040.0,36.52507738095238,184086.39,13,260000.0,444086.39,35.244951587301586,376.3496779865642,29.869022062425724,27.570275207981467,True,0,27461.45000000001,5.823682704176952,100.0,-2.0026707868548543
A,2026-05-18,Horario fijo (mes anterior),126,12600.0,5040.0,39.76926388888889,200437.09,13,260000.0,460437.09,36.542626190476184,371.0995737794706,29.45234712535481,27.22076145885512,True,0,0.0,0.0,0.0,0.0
B,2026-05-18,Paradas en horas caras,126,12600.0,5040.0,36.01676388888889,181524.49,14,280000.0,461524.49,36.628927777777776,362.9902964307573,28.80875368498074,2.4014104157686234,True,0,-1087.4000000000233,-0.2361668995866565,-4.5851559686722805,-2.1852025498504735
OD,2026-05-18,Óptimo diario,126,12600.0,5040.0,35.08059325396825,176806.19,14,280000.0,456806.19,36.25445952380952,363.17604920654935,28.82349596877376,1.8443302907980976,True,0,3630.899999999965,0.788576784724264,15.310136846286246,-2.135147850541552
C,2026-05-18,"Semanal, previsión ingenua",126,12600.0,5040.0,35.47390277777778,178788.47000000003,13,260000.0,438788.47,34.82448174603175,365.0696921792036,28.973785093587587,37.01223520655185,True,0,21648.619999999937,4.701754152776862,91.28407136887591,-1.624868910210675
L,2026-05-18,"Semanal, previsión LEAR",126,12600.0,5040.0,35.34525,178140.06,13,260000.0,438140.06,34.773020634920634,363.7729183641479,28.870866536837138,52.68048854125664,True,0,22297.02999999997,4.842579037236113,94.01817195895032,-1.9743098437716269
D,2026-05-18,"Semanal, previsión ML",126,12600.0,5040.0,35.398543650793656,178408.66000000003,13,260000.0,438408.66,34.794338095238096,364.7212620310074,28.946131907222817,50.25497429072857,True,0,22028.429999999935,4.784243163381981,92.8855869918862,-1.7187601924472995
O,2026-05-18,Oráculo semanal,126,12600.0,5040.0,35.06377579365079,176721.43,13,260000.0,436721.43,34.66043095238095,365.62286038498576,29.01768733214173,26.68622733419761,True,0,23715.659999999974,5.15068410322895,100.0,-1.4758069751218297
A,2026-05-25,Horario fijo (mes anterior),126,12600.0,5040.0,51.23118849206348,258205.18999999992,13,260000.0,518205.18999999994,41.12739603174603,395.8063974842023,31.413206149539864,27.08186791697517,True,0,0.0,0.0,0.0,0.0
B,2026-05-25,Paradas en horas caras,126,12600.0,5040.0,48.26961507936507,243278.85999999993,14,280000.0,523278.8599999999,41.530068253968246,385.83273685184935,30.62164578189281,2.5484865834005177,True,0,-5073.669999999984,-0.9790851380704976,-16.320784426501337,-2.5198331042011635
OD,2026-05-25,Óptimo diario,126,12600.0,5040.0,46.26084325396825,233154.64999999997,14,280000.0,513154.65,40.72655952380952,385.12069046586146,30.56513416395726,1.7713112919591367,True,0,5050.539999999979,0.97462165517871,16.246380741637115,-2.6997307487348854
C,2026-05-25,"Semanal, previsión ingenua",126,12600.0,5040.0,45.06309920634921,227118.02,13,260000.0,487118.02,38.66016031746032,374.3753614600481,29.712330274606995,45.69187670992687,True,0,31087.169999999925,5.999007844749669,100.0,-5.414524919347608
L,2026-05-25,"Semanal, previsión LEAR",126,12600.0,5040.0,45.43924404761904,229013.79,13,260000.0,489013.79,38.81061825396825,378.1194166234438,30.00947750979713,47.72349670808762,True,0,29191.399999999965,5.633173994262768,93.90176075853812,-4.468593982608493
D,2026-05-25,"Semanal, previsión ML",126,12600.0,5040.0,45.46431746031746,229140.16,13,260000.0,489140.16,38.82064761904762,378.17562038130393,30.013938125500314,43.334894207306206,True,0,29065.02999999991,5.608787901178665,93.495258654937,-4.454394172242271
O,2026-05-25,Oráculo semanal,126,12600.0,5040.0,45.06309920634921,227118.02,13,260000.0,487118.02,38.66016031746032,374.3753614600481,29.712330274606995,18.470270125195384,True,0,31087.169999999925,5.999007844749669,100.0,-5.414524919347608
A,2026-06-01,Horario fijo (mes anterior),126,12600.0,5040.0,47.78149603174603,240818.74,13,260000.0,500818.74,39.74751904761904,343.6279254367495,27.272057574345197,21.66764329234138,True,0,0.0,0.0,0.0,0.0
B,2026-06-01,Paradas en horas caras,126,12600.0,5040.0,48.84032539682539,246155.24,14,280000.0,526155.24,41.75835238095238,336.6378633451817,26.717290741681087,2.446797793265432,True,0,-25336.5,-5.0590159625416575,-107.0278969957082,-2.0341950039955092
OD,2026-06-01,Óptimo diario,126,12600.0,5040.0,45.21650396825396,227891.17999999996,14,280000.0,507891.17999999993,40.3088238095238,334.4428259206186,26.543081422271317,1.6915573752485216,True,0,-7072.439999999944,-1.412175590713707,-29.87580683315851,-2.6729781942071984
C,2026-06-01,"Semanal, previsión ingenua",126,12600.0,5040.0,43.64747619047619,219983.28,13,260000.0,479983.28,38.09391111111111,328.57970346711875,26.07775424342212,39.418496668338776,True,0,20835.459999999963,4.160279625319125,88.01434557804727,-4.379219747785202
L,2026-06-01,"Semanal, previsión LEAR",126,12600.0,5040.0,44.70142063492064,225295.16,13,260000.0,485295.16,38.51548888888889,331.26711505552834,26.291040877422883,45.022168959956616,True,0,15523.579999999958,3.09964040083643,65.57559730999276,-3.5971495522404417
D,2026-06-01,"Semanal, previsión ML",126,12600.0,5040.0,43.87873214285714,221148.81,13,260000.0,481148.81,38.186413492063494,330.182315781848,26.20494569697206,50.86559608159587,True,0,19669.929999999993,3.927554707717206,83.09084687911866,-3.9128396325217696
O,2026-06-01,Oráculo semanal,126,12600.0,5040.0,43.084511904761904,217145.94,13,260000.0,477145.94,37.8687253968254,327.0541978089469,25.95668236578944,16.244153666775674,True,0,23672.79999999999,4.726819926906088,100.0,-4.823160867015519
A,2026-06-08,Horario fijo (mes anterior),126,12600.0,5040.0,34.4571130952381,173663.85,13,260000.0,433663.85,34.417765873015874,284.1377911194009,22.550618342809592,26.49971129186451,True,0,0.0,0.0,0.0,0.0
B,2026-06-08,Paradas en horas caras,126,12600.0,5040.0,33.255125,167605.83,14,280000.0,447605.83,35.524272222222216,283.82805890157897,22.526036420760235,8.083558415994048,True,0,-13941.97999999998,-3.214927875588427,-93.39983386033566,-0.1090077516974097
OD,2026-06-08,Óptimo diario,126,12600.0,5040.0,33.9891369047619,171305.24999999997,14,280000.0,451305.25,35.81787698412698,288.9823201935252,22.935104777263906,3.1895149163901806,True,0,-17641.400000000023,-4.067989526911229,-118.18291441127658,1.7049928680864967
C,2026-06-08,"Semanal, previsión ingenua",126,12600.0,5040.0,36.60693055555556,184498.93,13,260000.0,444498.93,35.27769285714286,286.9049610369233,22.77023500293042,81.6049025435932,False,0,-10835.080000000016,-2.498497396082246,-72.58615145506224,0.9738830961628642
L,2026-06-08,"Semanal, previsión LEAR",126,12600.0,5040.0,31.83618055555555,160454.34999999998,13,260000.0,420454.35,33.369392857142856,277.5778648484656,22.029989273687747,103.36811916623265,False,0,13209.5,3.0460228584882048,88.49281847901844,-2.308713052597311
D,2026-06-08,"Semanal, previsión ML",126,12600.0,5040.0,36.96774206349206,186317.42,13,260000.0,446317.42,35.422017460317456,288.0333489657488,22.859789600456253,116.84060662379488,False,0,-12653.570000000009,-2.9178290973527092,-84.76854333029668,1.371010111326898
O,2026-06-08,Oráculo semanal,126,12600.0,5040.0,31.49536706349207,158736.65000000002,13,260000.0,418736.65,33.233067460317464,277.622821917233,22.033557295018493,1.8884396250359712,True,0,14927.199999999952,3.442113055999469,100.0,-2.292890775458356
A,2026-06-15,Horario fijo (mes anterior),126,12600.0,5040.0,72.46535714285714,365225.4,13,260000.0,625225.4,49.62106349206349,421.0007173698874,33.41275534681646,26.615339582785964,True,0,0.0,0.0,0.0,0.0
B,2026-06-15,Paradas en horas caras,126,12600.0,5040.0,70.52619047619048,355452.0,14,280000.0,635452.0,50.432698412698414,421.25108928220783,33.432626133508556,3.768966459203511,True,0,-10226.599999999977,-1.6356661133728694,-65.24267434612777,0.0594706616854567
OD,2026-06-15,Óptimo diario,126,12600.0,5040.0,69.10856150793651,348307.15,14,280000.0,628307.15,49.86564682539683,420.7214681370087,33.3905927092864,1.8079404588788748,True,0,-3081.75,-0.4929022397362615,-19.660650819058116,-0.066329871032833
C,2026-06-15,"Semanal, previsión ingenua",126,12600.0,5040.0,70.76769246031746,356669.17000000004,13,260000.0,616669.17,48.94199761904762,417.5833354558284,33.14153455998638,8.319428917951882,True,0,8556.229999999981,1.3685032629832348,54.586209250441875,-0.8117282876400678
L,2026-06-15,"Semanal, previsión LEAR",126,12600.0,5040.0,69.94192063492063,352507.27999999997,13,260000.0,612507.28,48.61168888888889,411.78730504273744,32.681532146249005,9.94712870894,True,0,12718.119999999995,2.0341655985185496,81.13783285304756,-2.1884552560168524
D,2026-06-15,"Semanal, previsión ML",126,12600.0,5040.0,69.72677380952382,351422.94000000006,13,260000.0,611422.9400000001,48.525630158730166,411.19701632291594,32.63468383515206,42.43312762584537,True,0,13802.459999999965,2.207597452054885,88.05560039069235,-2.328666114447031
O,2026-06-15,Oráculo semanal,126,12600.0,5040.0,69.35529563492064,349550.69,13,260000.0,609550.69,48.37703888888888,406.99344754557546,32.30106726552186,37.80339979194105,True,0,15674.71000000008,2.5070494576835936,100.0,-3.3271368067540052
A,2026-06-22,Horario fijo (mes anterior),126,12600.0,5040.0,78.34849404761906,394876.41,13,260000.0,654876.41,51.974318253968256,495.2987259780765,39.30942269667274,26.53894874965772,True,0,0.0,0.0,0.0,0.0
B,2026-06-22,Paradas en horas caras,126,12600.0,5040.0,75.72367261904762,381647.31,14,280000.0,661647.31,52.51169126984127,475.8683184730471,37.76732686294024,3.6642266660928726,True,0,-6770.900000000023,-1.0339202781789043,-33.82272355122387,-3.9229673903682594
OD,2026-06-22,Óptimo diario,126,12600.0,5040.0,74.37434722222223,374846.71,14,280000.0,654846.71,51.971961111111106,486.09627936758386,38.57906979107808,2.0388512490317225,True,0,29.70000000006985,0.0045352068797332,0.1483606152023672,-1.8579588696337468
C,2026-06-22,"Semanal, previsión ingenua",126,12600.0,5040.0,74.50716666666666,375516.12,13,260000.0,635516.12,50.4377873015873,475.8790666098629,37.76817988967166,16.331024626269937,True,0,19360.290000000037,2.956327286243222,96.71059040031948,-3.920797359182626
L,2026-06-22,"Semanal, previsión LEAR",126,12600.0,5040.0,74.45196626984128,375237.91,13,260000.0,635237.91,50.415707142857144,470.6471095722195,37.35294520414441,33.87204829277471,True,0,19638.5,2.9988101113613177,98.10033473551636,-4.977120899549437
D,2026-06-22,"Semanal, previsión ML",126,12600.0,5040.0,74.45620833333334,375259.29,13,260000.0,635259.29,50.41740396825397,474.6225657349264,37.66845759801003,75.36060554115102,True,0,19617.119999999995,2.99554537321019,97.99353507379853,-4.174482823940329
O,2026-06-22,Oráculo semanal,126,12600.0,5040.0,74.37651190476191,374857.62000000005,13,260000.0,634857.6200000001,50.38552539682541,472.3073706564231,37.48471195685897,12.666806374676526,True,0,20018.78999999992,3.0568806104956385,100.0,-4.641916911102872
A,2026-06-29,Horario fijo (mes anterior),126,12600.0,5040.0,52.55533333333332,264878.87999999995,13,260000.0,524878.8799999999,41.65705396825396,337.23493281089793,26.764677207214124,26.722758499905467,True,0,0.0,0.0,0.0,0.0
B,2026-06-29,Paradas en horas caras,126,12600.0,5040.0,52.51956349206347,264698.5999999999,14,280000.0,544698.5999999999,43.23004761904761,327.5906905911795,25.999261158030123,2.8791424152441323,True,0,-19819.719999999972,-3.776055915985794,-137.0060506100039,-2.8597992916488124
OD,2026-06-29,Óptimo diario,126,12600.0,5040.0,51.61756944444444,260152.55,14,280000.0,540152.55,42.86925,331.466553884458,26.306869355909363,2.1442538746632636,True,0,-15273.670000000158,-2.909941813623776,-105.58096708836062,-1.7104927055924255
C,2026-06-29,"Semanal, previsión ingenua",126,12600.0,5040.0,53.383623015873034,269053.4600000001,13,260000.0,529053.4600000001,41.98836984126985,345.8319863436087,27.446983043143547,48.60052595799789,True,0,-4174.580000000191,-0.7953415843289774,-28.85725523647847,2.5492772830659094
L,2026-06-29,"Semanal, previsión LEAR",126,12600.0,5040.0,50.00426587301586,252021.4999999999,13,260000.0,512021.49999999994,40.63662698412698,328.225899003057,26.04967452405214,35.99208775116131,True,0,12857.379999999946,2.4495898939580023,88.878089851524,-2.671441458555146
D,2026-06-29,"Semanal, previsión ML",126,12600.0,5040.0,51.68399007936508,260487.31,13,260000.0,520487.31,41.30851666666667,328.7512524436445,26.09136924155909,48.62712962506339,True,0,4391.569999999891,0.8366825504580965,30.357223092826775,-2.51565883063799
O,2026-06-29,Oráculo semanal,126,12600.0,5040.0,49.685033730158715,250412.56999999992,13,260000.0,510412.56999999995,40.50893412698412,328.2411682075523,26.050886365678753,20.01141141681001,True,0,14466.30999999994,2.756123469856502,100.0,-2.6669136937806037
A,2026-07-06,Horario fijo (mes anterior),126,12600.0,5040.0,91.59689484126984,461648.35,13,260000.0,721648.35,57.27367857142857,463.0293474558826,36.74836090919703,30.90162020828575,True,0,0.0,0.0,0.0,0.0
B,2026-07-06,Paradas en horas caras,126,12600.0,5040.0,91.01484325396824,458714.80999999994,14,280000.0,738714.8099999999,58.62815952380952,481.91365791066505,38.24711570719564,2.7838940429501235,True,0,-17066.459999999963,-2.364927460860953,-144.4686733382652,4.078426250634526
OD,2026-07-06,Óptimo diario,126,12600.0,5040.0,88.94336904761906,448274.58,14,280000.0,728274.5800000001,57.79956984126985,476.252426896909,37.79781165848485,2.6720815836451948,True,0,-6626.230000000098,-0.9182076006963916,-56.09145993570016,2.8557756681473423
C,2026-07-06,"Semanal, previsión ingenua",126,12600.0,5040.0,90.64663888888887,456859.05999999994,13,260000.0,716859.0599999999,56.89357619047619,467.7981512188461,37.126837398321115,32.91409229207784,True,0,4789.290000000037,0.6636598005108773,40.54164557454956,1.0299139329214668
L,2026-07-06,"Semanal, previsión LEAR",126,12600.0,5040.0,90.01401587301585,453670.6399999999,13,260000.0,713670.6399999999,56.64052698412698,460.0964086108633,36.515587984989146,42.83472712431103,True,0,7977.710000000079,1.1054844094080003,67.53182440748847,-0.6334239635423566
D,2026-07-06,"Semanal, previsión ML",126,12600.0,5040.0,89.93811309523808,453288.0899999999,13,260000.0,713288.0899999999,56.61016587301586,461.5102827046482,36.62780021465462,39.42993608349934,True,0,8360.260000000126,1.1584949927482169,70.77013457758586,-0.3280709440083851
O,2026-07-06,Oráculo semanal,126,12600.0,5040.0,89.25299404761904,449835.09,13,260000.0,709835.09,56.33611825396825,464.09647373122976,36.83305347073252,60.439634666312486,False,0,11813.26000000001,1.63698288785667,100.0,0.2304662288061143
A,2026-07-13,Horario fijo (mes anterior),126,12600.0,5040.0,109.59310912698412,552349.27,13,260000.0,812349.27,64.47216428571429,519.3085137367883,41.21496140768161,30.225612666923553,True,0,0.0,0.0,0.0,0.0
B,2026-07-13,Paradas en horas caras,126,12600.0,5040.0,110.07323412698416,554769.1000000001,14,280000.0,834769.1000000001,66.25151587301588,544.2184596222114,43.191941239858046,3.282738082576543,True,0,-22419.830000000075,-2.759875687461389,-212.6880482071264,4.7967528408457305
OD,2026-07-13,Óptimo diario,126,12600.0,5040.0,107.61190277777776,542363.99,14,280000.0,822363.99,65.26698333333333,533.8788082414171,42.37133398741406,2.4484763755463064,True,0,-10014.719999999972,-1.232809626332276,-95.00568247577525,2.805710693973662
C,2026-07-13,"Semanal, previsión ingenua",126,12600.0,5040.0,108.80474007936508,548375.89,13,260000.0,808375.89,64.15681666666667,518.2941110084943,41.1344532546424,69.32876829057932,False,0,3973.3800000000047,0.4891221235417623,37.693882468565995,-0.1953372035044642
L,2026-07-13,"Semanal, previsión LEAR",126,12600.0,5040.0,109.0036507936508,549378.4,13,260000.0,809378.4,64.23638095238096,507.1416397049677,40.24933648452124,9.622736957855524,True,0,2970.8699999999953,0.3657133833578745,28.183467126071093,-2.342899010892674
D,2026-07-13,"Semanal, previsión ML",126,12600.0,5040.0,110.29023611111111,555862.79,13,260000.0,815862.79,64.75101507936509,520.3270856530153,41.29580044865201,64.85852600028738,True,0,-3513.5200000000186,-0.4325134680061962,-33.331372768513596,0.1961400380089406
O,2026-07-13,Oráculo semanal,126,12600.0,5040.0,107.50160515873016,541808.09,13,260000.0,801808.09,63.6355626984127,532.4687841582513,42.25942731414693,52.26702058315277,True,0,10541.180000000051,1.2976167258696558,100.0,2.5341911548427465
A,2026-07-20,Horario fijo (mes anterior),126,12600.0,5040.0,106.03688095238095,534425.88,13,260000.0,794425.88,63.04967301587302,457.3642283840379,36.298748284447456,29.00627891672775,True,0,0.0,0.0,0.0,0.0
B,2026-07-20,Paradas en horas caras,126,12600.0,5040.0,101.9421765873016,513788.57000000007,14,280000.0,793788.5700000001,62.99909285714286,472.4921985442528,37.49938083684546,4.239321500528604,True,0,637.3099999999395,0.0802227137917434,2.12828270684706,3.307641748386203
OD,2026-07-20,Óptimo diario,126,12600.0,5040.0,101.13256150793649,509708.1099999999,14,280000.0,789708.1099999999,62.67524682539681,467.7655234955061,37.12424789646873,2.847627999726683,True,0,4717.770000000135,0.5938590520238508,15.75488899575261,2.2741820339159613
C,2026-07-20,"Semanal, previsión ingenua",126,12600.0,5040.0,103.8157857142857,523231.55999999994,13,260000.0,783231.5599999999,62.16123492063492,464.850616338614,36.89290605862016,61.84051695885137,True,0,11194.320000000063,1.4091081725585357,37.3831850605115,1.6368547188368998
L,2026-07-20,"Semanal, previsión LEAR",126,12600.0,5040.0,100.68392658730158,507446.99,13,260000.0,767446.99,60.90849126984127,462.05141111807256,36.67074691413274,18.5426041665487,True,0,26978.890000000018,3.396023553512634,90.0954088856829,1.0248249520071528
D,2026-07-20,"Semanal, previsión ML",126,12600.0,5040.0,103.48198214285716,521549.19,13,260000.0,781549.19,62.02771349206349,462.82783930704034,36.73236819897146,68.82759441621602,False,0,12876.69000000006,1.6208799743533104,43.00142261761655,1.1945864114267346
O,2026-07-20,Oráculo semanal,126,12600.0,5040.0,100.09545238095237,504481.08,13,260000.0,764481.08,60.67310158730158,461.76469369299446,36.64799156293607,29.764922542031854,True,0,29944.800000000047,3.7693636063316625,100.0,0.9621358724324124
A,2026-07-27,Horario fijo (mes anterior),126,12600.0,5040.0,101.84865277777776,513317.21,13,260000.0,773317.21,61.374381746031744,463.9550009245627,36.821825470203386,28.597946249879897,True,0,0.0,0.0,0.0,0.0
B,2026-07-27,Paradas en horas caras,126,12600.0,5040.0,100.5125119047619,506583.05999999994,14,280000.0,786583.0599999999,62.42722698412698,478.8247237981807,38.001962206204816,2.524273584131151,True,0,-13265.849999999977,-1.7154474035305611,-78.03721192348699,3.2049924764224524
OD,2026-07-27,Óptimo diario,126,12600.0,5040.0,97.9355,493594.9199999999,14,280000.0,773594.9199999999,61.39642222222221,472.9940110292049,37.53920722454007,1.8703443338163197,True,0,-277.70999999996275,-0.0359115245863935,-1.6336468543869187,1.948251465471729
C,2026-07-27,"Semanal, previsión ingenua",126,12600.0,5040.0,101.19933928571427,510044.67,13,260000.0,770044.6699999999,61.11465634920634,467.8639703915976,37.13206114219029,55.871486083138734,True,0,3272.5400000000373,0.4231820988440225,19.250926062641405,0.8425320255725621
L,2026-07-27,"Semanal, previsión LEAR",126,12600.0,5040.0,101.39379761904765,511024.7400000001,13,260000.0,771024.74,61.19243968253968,469.6704726834195,37.27543433995393,21.40599929075688,True,0,2292.469999999972,0.2964462668559998,13.4856015421729,1.2319021774670258
D,2026-07-27,"Semanal, previsión ML",126,12600.0,5040.0,99.49432341269842,501451.3900000001,13,260000.0,761451.3900000001,60.43265000000001,472.01623440893707,37.461605905471195,38.688176583033055,True,0,11865.819999999832,1.5344052668890988,69.80144581658462,1.7375033070685886
O,2026-07-27,Oráculo semanal,126,12600.0,5040.0,98.47575793650792,496317.82,13,260000.0,756317.8200000001,60.025223809523816,472.0905311282244,37.467502470494,21.94529016688466,True,0,16999.389999999898,2.1982428142262473,100.0,1.7535170840812908
A,2026-08-03,Horario fijo (mes anterior),126,12600.0,5040.0,105.75406944444444,533000.51,13,260000.0,793000.51,62.936548412698414,518.3751141725949,41.14088207719007,33.1952235000208,True,0,0.0,0.0,0.0,0.0
B,2026-08-03,Paradas en horas caras,126,12600.0,5040.0,105.55727182539682,532008.65,14,280000.0,812008.65,64.44513095238095,539.9784791995672,42.85543485710851,2.7413284182548523,True,0,-19008.140000000018,-2.3969896311920422,-175.39682686150195,4.167515846406822
OD,2026-08-03,Óptimo diario,126,12600.0,5040.0,102.71182936507938,517667.62000000005,14,280000.0,797667.6200000001,63.30695396825398,528.000989005358,41.90484039725063,2.705879915971309,True,0,-4667.110000000102,-0.5885380830335283,-43.06556478506586,1.8569322811970768
C,2026-08-03,"Semanal, previsión ingenua",126,12600.0,5040.0,104.7522876984127,527951.53,13,260000.0,787951.53,62.53583571428572,519.3650130962075,41.219445483825986,64.985281416215,True,0,5048.979999999981,0.6366931592515598,46.5892544397917,0.1909618916009492
L,2026-08-03,"Semanal, previsión LEAR",126,12600.0,5040.0,104.77283134920634,528055.07,13,260000.0,788055.07,62.54405317460317,513.2004768346494,40.73019657417852,37.70045770891011,True,0,4945.4400000000605,0.623636421116559,45.63384336573469,-0.998241851599102
D,2026-08-03,"Semanal, previsión ML",126,12600.0,5040.0,104.01360912698414,524228.59,13,260000.0,784228.5900000001,62.24036428571429,515.287882578487,40.89586369670532,96.09138062456624,False,0,8771.919999999925,1.1061682671553297,80.94252954170855,-0.5955593757689392
O,2026-08-03,Oráculo semanal,126,12600.0,5040.0,103.60382738095238,522163.29,13,260000.0,782163.29,62.07645158730159,516.4700673616752,40.98968788584724,37.63951416593045,True,0,10837.219999999972,1.3666094615752482,100.0,-0.3675035237677981
A,2026-08-10,Horario fijo (mes anterior),126,12600.0,5040.0,112.82860714285712,568656.1799999999,13,260000.0,828656.1799999999,65.76636349206349,535.1293820422392,42.47058587636819,31.470639458391815,True,0,0.0,0.0,0.0,0.0
B,2026-08-10,Paradas en horas caras,126,12600.0,5040.0,110.47602579365078,556799.1699999999,14,280000.0,836799.1699999999,66.41263253968253,548.6481471470945,43.54350374183289,2.908387667499482,True,0,-8142.989999999991,-0.982674141161898,-48.67315722590767,2.5262610423787635
OD,2026-08-10,Óptimo diario,126,12600.0,5040.0,108.26760912698413,545668.75,14,280000.0,825668.75,65.52926587301587,541.830472854449,43.00241848051182,1.9612196679227056,True,0,2987.429999999935,0.3605150208377056,17.85678848818313,1.2522375031317037
C,2026-08-10,"Semanal, previsión ingenua",126,12600.0,5040.0,109.9210734126984,554002.21,13,260000.0,814002.21,64.60334999999999,528.5241679167764,41.94636253307749,44.8901479174383,True,0,14653.969999999972,1.7684017031044137,87.59128843259462,-1.2343209599620542
L,2026-08-10,"Semanal, previsión LEAR",126,12600.0,5040.0,110.7698015873016,558279.8,13,260000.0,818279.8,64.94284126984127,527.7819256543712,41.887454417013586,32.231421833857894,True,0,10376.379999999888,1.2521936419999775,62.0228165791385,-1.3730242880380716
D,2026-08-10,"Semanal, previsión ML",126,12600.0,5040.0,109.86064484126982,553697.6499999999,13,260000.0,813697.6499999999,64.57917857142857,529.243092327669,42.00342002600548,54.176401166711,True,0,14958.530000000028,1.8051551851094656,89.41173728058844,-1.0999750550242604
O,2026-08-10,Oráculo semanal,126,12600.0,5040.0,109.5091746031746,551926.24,13,260000.0,811926.24,64.43859047619047,536.9857812228912,42.617919144673905,42.111690749879926,True,0,16729.939999999944,2.0189241815586225,100.0,0.3469066066915216
A,2026-08-17,Horario fijo (mes anterior),126,12600.0,5040.0,105.05118452380952,529457.97,13,260000.0,789457.97,62.65539444444444,440.79083023895953,34.983399225314244,31.09650450013578,True,0,0.0,0.0,0.0,0.0
B,2026-08-17,Paradas en horas caras,126,12600.0,5040.0,102.9384365079365,518809.72,14,280000.0,798809.72,63.397596825396825,452.4537588293411,35.90902847851914,1.6690951278433204,True,0,-9351.75,-1.1845785786417484,-43.11274801326632,2.645909985028272
OD,2026-08-17,Óptimo diario,126,12600.0,5040.0,99.58817857142856,501924.4199999999,14,280000.0,781924.4199999999,62.057493650793646,443.8830719326734,35.228815232751856,1.6530723329633474,True,0,7533.550000000047,0.9542686610662816,34.73061649374122,0.7015213297512313
C,2026-08-17,"Semanal, previsión ingenua",126,12600.0,5040.0,101.14418650793652,509766.7,13,260000.0,769766.7,61.092595238095235,440.21319709760905,34.937555325207065,36.06001974688843,True,0,19691.27000000002,2.4942771810891995,90.77924041716166,-0.1310447272774073
L,2026-08-17,"Semanal, previsión LEAR",126,12600.0,5040.0,101.63600396825396,512245.46,13,260000.0,772245.46,61.28932222222222,433.67573414734653,34.418709059313215,46.32305887527764,True,0,17212.51000000001,2.180294664705204,79.35184391219046,-1.6141660859314566
D,2026-08-17,"Semanal, previsión ML",126,12600.0,5040.0,100.98521031746031,508965.46,13,260000.0,768965.46,61.02900476190476,439.3637859889208,34.870141745152445,27.447455833666027,True,0,20492.51000000001,2.595769601261991,94.47305796127362,-0.3237463558997233
O,2026-08-17,Oráculo semanal,126,12600.0,5040.0,100.74733928571428,507766.59,13,260000.0,767766.5900000001,60.93385634920636,437.0200229948359,34.684128809113965,30.04024558281526,True,0,21691.37999999989,2.7476294906491208,100.0,-0.8554640853303153
A,2026-08-24,Horario fijo (mes anterior),126,12600.0,5040.0,88.55840277777779,446334.35,13,260000.0,706334.3500000001,56.05828174603175,391.557679550225,31.07600631350992,32.28080654097721,True,0,0.0,0.0,0.0,0.0
B,2026-08-24,Paradas en horas caras,126,12600.0,5040.0,86.25075000000001,434703.78,14,280000.0,714703.78,56.722522222222224,374.98703435662,29.760875742588897,2.5635243747383356,True,0,-8369.429999999935,-1.1849105172359145,-34.754127904731114,-4.231980640154809
OD,2026-08-24,Óptimo diario,126,12600.0,5040.0,83.07797817460317,418713.01,14,280000.0,698713.01,55.45341349206349,372.0227763573872,29.5256171712212,1.743019291665405,True,0,7621.340000000084,1.0789989188548006,31.647677938097143,-4.989023128157566
C,2026-08-24,"Semanal, previsión ingenua",126,12600.0,5040.0,84.49284126984128,425843.92,13,260000.0,685843.92,54.43205714285715,368.85142002014663,29.273922223821163,55.76545783272013,True,0,20490.43000000005,2.900953351624489,85.08668153541483,-5.798956505248631
L,2026-08-24,"Semanal, previsión LEAR",126,12600.0,5040.0,85.53381746031748,431090.44000000006,13,260000.0,691090.4400000001,54.848447619047626,369.6283178992858,29.3355807856576,54.26488475082442,True,0,15243.910000000033,2.1581719762036253,63.30046346145615,-5.60054438879326
D,2026-08-24,"Semanal, previsión ML",126,12600.0,5040.0,83.95485317460319,423132.4600000001,13,260000.0,683132.4600000001,54.21686190476191,370.2414449523818,29.384241662887447,39.357089582365006,True,0,23201.890000000018,3.2848310435419164,96.34604180828428,-5.443957738826299
O,2026-08-24,Oráculo semanal,126,12600.0,5040.0,83.78026190476191,422252.52,13,260000.0,682252.52,54.1470253968254,370.3063383449043,29.38939193213527,14.635168333072215,True,0,24081.830000000075,3.409409439028425,100.0,-5.427384601352125
A,2026-08-31,Horario fijo (mes anterior),126,12600.0,5040.0,127.43785714285715,642286.8,13,260000.0,902286.8,71.61006349206349,519.8045525112515,41.25432956438504,33.622458999976516,True,0,0.0,0.0,0.0,0.0
B,2026-08-31,Paradas en horas caras,126,12600.0,5040.0,124.50776587301588,627519.14,14,280000.0,907519.14,72.02532857142857,515.7800427249628,40.93492402579069,1.93680254323408,True,0,-5232.339999999967,-0.5798976556012974,-20.950327087348903,-0.7742351941409042
OD,2026-08-31,Óptimo diario,126,12600.0,5040.0,121.41839285714283,611948.7,14,280000.0,891948.7,70.78957936507936,505.49050866849046,40.11829433876908,1.8035155422985552,True,0,10338.100000000091,1.1457665123772278,41.39382694200396,-2.753735759644227
C,2026-08-31,"Semanal, previsión ingenua",126,12600.0,5040.0,124.9072222222222,629532.3999999999,13,260000.0,889532.3999999999,70.59780952380952,507.5791080589418,40.284056195154115,28.140314167831093,True,0,12754.40000000014,1.4135638468832905,51.06870956453278,-2.351931008154262
L,2026-08-31,"Semanal, previsión LEAR",126,12600.0,5040.0,126.36677777777776,636888.5599999999,13,260000.0,896888.5599999999,71.18163174603174,526.842243820794,41.812876493713816,43.1822622907348,True,0,5398.240000000107,0.59828427058892,21.61459188355751,1.3539110566735957
D,2026-08-31,"Semanal, previsión ML",126,12600.0,5040.0,125.24328968253973,631226.1800000002,13,260000.0,891226.1800000002,70.73223650793652,507.8590590408891,40.3062745270547,49.774933584965765,True,0,11060.61999999988,1.225843046800627,44.28680223167301,-2.2980740381460585
O,2026-08-31,Oráculo semanal,126,12600.0,5040.0,122.48250396825398,617311.8200000001,13,260000.0,877311.8200000001,69.62792222222222,491.082412225291,38.97479462105484,9.71495316689834,True,0,24974.97999999998,2.767964687059589,100.0,-5.525565358594808
A,2026-09-07,Horario fijo (mes anterior),126,12600.0,5040.0,111.90529365079364,564002.6799999999,14,280000.0,844002.6799999999,66.98433968253968,433.2162156220253,34.38223933508137,24.749888041988015,True,0,0.0,0.0,0.0,0.0
B,2026-09-07,Paradas en horas caras,126,12600.0,5040.0,114.09469841269842,575037.28,14,280000.0,855037.28,67.86010158730159,443.4120952004132,35.19143612701692,2.4057256253436208,True,0,-11034.600000000091,-1.3074129101106755,-69.77379445355818,2.3535313801096747
OD,2026-09-07,Óptimo diario,126,12600.0,5040.0,111.7909365079365,563426.32,14,280000.0,843426.32,66.93859682539681,432.99806208121174,34.364925562000934,1.6988396663218737,True,0,576.359999999986,0.0682888826845888,3.6444297184539063,-0.0503567348005051
C,2026-09-07,"Semanal, previsión ingenua",126,12600.0,5040.0,112.91939285714284,569113.74,13,260000.0,829113.74,65.80267777777777,431.3899467045469,34.23729735750372,22.29647262813523,True,0,14888.939999999944,1.7640868154589209,94.14549138086998,-0.4215606091420576
L,2026-09-07,"Semanal, previsión LEAR",126,12600.0,5040.0,113.7608988095238,573354.9299999999,13,260000.0,833354.9299999999,66.13928015873016,430.0094111216264,34.12773104139892,30.622581958770752,True,0,10647.75,1.2615777475967258,67.32767113378536,-0.740231871467345
D,2026-09-07,"Semanal, previsión ML",126,12600.0,5040.0,113.35848412698412,571326.76,13,260000.0,831326.76,65.97831428571429,429.6452405062107,34.09882861160403,42.47206912608817,True,0,12675.919999999924,1.5018814869165968,80.15216107423328,-0.8242939638552715
O,2026-09-07,Oráculo semanal,126,12600.0,5040.0,112.73568650793652,568187.8600000001,13,260000.0,828187.8600000001,65.72919523809524,429.71677949120453,34.104506308825755,16.65968795819208,True,0,15814.819999999832,1.873787888919954,100.0,-0.8077805041983854
A,2026-09-14,Horario fijo (mes anterior),126,12600.0,5040.0,107.2300257936508,540439.3300000001,14,280000.0,820439.3300000001,65.11423253968255,389.2811197225793,30.89532696210947,25.59698008280247,True,0,0.0,0.0,0.0,0.0
B,2026-09-14,Paradas en horas caras,126,12600.0,5040.0,108.27966468253967,545729.51,14,280000.0,825729.51,65.53408809523809,388.8278484282096,30.859353049857905,1.7231436646543443,True,0,-5290.179999999935,-0.6447984398797574,-23.421161915741123,-0.1164380370393347
OD,2026-09-14,Óptimo diario,126,12600.0,5040.0,106.61702182539683,537349.79,14,280000.0,817349.79,64.86903095238095,385.4643746164593,30.592410683845976,1.5904403747990727,True,0,3089.5400000000373,0.3765714157072451,13.678290074281138,-0.9804598560649525
C,2026-09-14,"Semanal, previsión ingenua",126,12600.0,5040.0,106.99925,539276.22,13,260000.0,799276.22,63.434620634920634,381.6916400382165,30.29298730462036,23.397947293240577,True,0,21163.110000000102,2.579485066860471,93.6952288864743,-1.9496141219927263
L,2026-09-14,"Semanal, previsión LEAR",126,12600.0,5040.0,107.24645238095238,540522.12,13,260000.0,800522.12,63.533501587301586,380.29179961681825,30.18188885847764,21.77848504204303,True,0,19917.21000000008,2.427627402991526,88.1792680626795,-2.309210400999484
D,2026-09-14,"Semanal, previsión ML",126,12600.0,5040.0,110.98859722222224,559382.53,13,260000.0,819382.53,65.03035952380952,412.0214948093005,32.70011863565877,34.81189450016245,True,0,1056.8000000000466,0.1288090369826671,4.678760252497384,5.841633188613704
O,2026-09-14,Oráculo semanal,126,12600.0,5040.0,106.7166964285714,537852.1499999999,13,260000.0,797852.1499999999,63.3215992063492,379.4543750889226,30.115426594358933,16.051145874895155,True,0,22587.180000000168,2.7530591445439563,100.0,-2.5243311673219027
A,2026-09-21,Horario fijo (mes anterior),126,12600.0,5040.0,118.31075,596286.18,14,280000.0,876286.18,69.54652222222222,458.48885471236827,36.38800434225145,26.386817916762084,True,0,0.0,0.0,0.0,0.0
B,2026-09-21,Paradas en horas caras,126,12600.0,5040.0,118.48348412698412,597156.76,14,280000.0,877156.76,69.61561587301587,458.9910925729018,36.42786448991284,1.8027847101911905,True,0,-870.5799999999581,-0.0993488223219448,-8.108707234108671,0.1095419998482949
OD,2026-09-21,Óptimo diario,126,12600.0,5040.0,117.99780753968253,594708.95,14,280000.0,874708.95,69.42134523809523,463.2535570928835,36.76615532483203,2.0065220426768064,True,0,1577.2300000000978,0.1799902858219329,14.690546889263054,1.03921880140454
C,2026-09-21,"Semanal, previsión ingenua",126,12600.0,5040.0,121.60923214285712,612910.5299999999,13,260000.0,872910.5299999999,69.27861349206349,472.478192088829,37.498269213399126,26.941331706475463,True,0,3375.6500000001397,0.3852223254279942,31.441289226517252,3.051183738203833
L,2026-09-21,"Semanal, previsión LEAR",126,12600.0,5040.0,121.87778571428572,614264.04,13,260000.0,874264.04,69.38603492063493,475.3326483463975,37.7248133608252,20.79035849822685,True,0,2022.140000000014,0.230762511854291,18.834502568840787,3.67376294121613
D,2026-09-21,"Semanal, previsión ML",126,12600.0,5040.0,121.6620238095238,613176.5999999999,13,260000.0,873176.5999999999,69.29973015873014,461.0992433771304,36.595178045804005,41.77576074749231,True,0,3109.580000000191,0.3548589571502988,28.963075008663655,0.5693461548590406
O,2026-09-21,Oráculo semanal,126,12600.0,5040.0,120.1487738095238,605549.82,13,260000.0,865549.82,68.69443015873016,464.6143826038661,36.87415734951318,9.61887091677636,True,0,10736.360000000102,1.2252116083811917,100.0,1.3360254733652432
