clave,lunes,estrategia,coladas,toneladas,energia_mwh,precio_medio_eur_mwh,coste_energia_eur,arranques,coste_arranques_eur,coste_total_eur,eur_por_t,emisiones_t,kgco2_por_t,segundos,ahorro_vs_A_eur,ahorro_vs_A_pct,captura_pct,emisiones_vs_A_pct
A,2025-10-06,Horario fijo (mes anterior),126,12600.0,5040.0,66.51673412698413,335244.34,14,35000.0,370244.34,29.38447142857143,578.9863720959966,45.95129937269814,1.6610669577494264,0.0,0.0,0.0,0.0
B,2025-10-06,Paradas en horas caras,126,12600.0,5040.0,66.6514007936508,335923.06,14,35000.0,370923.06,29.438338095238095,579.9547839976658,46.02815746013221,2.5604877904988825,-678.7199999999721,-0.1833167794003203,-10.433531431873872,0.1672598783566403
OD,2025-10-06,Óptimo diario,126,12600.0,5040.0,65.84562103174603,331861.93,14,35000.0,366861.93,29.11602619047619,578.5946431501293,45.92020977381978,2.940043125767261,3382.4100000000326,0.9135615685576808,51.99564039734544,-0.0676577143688517
C,2025-10-06,"Semanal, previsión ingenua",126,12600.0,5040.0,66.03738492063492,332828.42,15,37500.0,370328.42,29.391144444444443,576.9182770688316,45.787164846732665,9.947791958693417,-84.07999999995809,-0.0227093275753946,-1.2925084317414457,-0.3571923497401541
L,2025-10-06,"Semanal, previsión LEAR",126,12600.0,5040.0,66.0250119047619,332766.05999999994,14,35000.0,367766.05999999994,29.187782539682537,564.4036696682281,44.79394203716096,7.097279042005539,2478.280000000086,0.6693633723070787,38.097024217624856,-2.518660737208278
D,2025-10-06,"Semanal, previsión ML",126,12600.0,5040.0,65.51873611111112,330214.43000000005,14,35000.0,365214.43000000005,28.985272222222225,572.4078488649814,45.429194354363595,14.858045583125204,5029.909999999974,1.358537986022953,77.32161139276668,-1.136213829558752
O,2025-10-06,Oráculo semanal,126,12600.0,5040.0,65.22602380952381,328739.16000000003,14,35000.0,363739.16,28.868187301587305,567.0390040674881,45.00309556091176,3.4872262091375887,6505.179999999993,1.756996474274257,100.0,-2.0634972780546823
A,2025-10-13,Horario fijo (mes anterior),126,12600.0,5040.0,81.62232738095238,411376.53,14,35000.0,446376.53,35.42670873015873,781.5751458475493,62.029773479964234,1.8127517076209188,0.0,0.0,0.0,0.0
B,2025-10-13,Paradas en horas caras,126,12600.0,5040.0,81.24368253968255,409468.16,14,35000.0,444468.16,35.2752507936508,784.536682237235,62.26481605057421,2.4196875412017107,1908.3699999999951,0.4275247177534166,16.948855996404685,0.3789189568552897
OD,2025-10-13,Óptimo diario,126,12600.0,5040.0,80.59920634920636,406220.0,14,35000.0,441220.0,35.01746031746032,783.1551417041496,62.155169976519815,2.7600464997813106,5156.530000000028,1.155197384593681,45.79682368258846,0.202155335286025
C,2025-10-13,"Semanal, previsión ingenua",126,12600.0,5040.0,80.02998611111111,403351.13,14,35000.0,438351.13,34.789772222222226,755.3562572810083,59.94890930801653,8.150349747389555,8025.400000000023,1.7978991861422515,71.27619325054727,-3.354621587679696
L,2025-10-13,"Semanal, previsión LEAR",126,12600.0,5040.0,79.78895833333334,402136.35,14,35000.0,437136.35,34.693361111111116,755.4572714175388,59.95692630297927,10.56071791658178,9240.179999999991,2.070041630548988,82.06505038376149,-3.3416971571796794
D,2025-10-13,"Semanal, previsión ML",126,12600.0,5040.0,79.28035515873017,399572.9900000001,15,37500.0,437072.9900000001,34.68833253968254,761.0471653202205,60.400568676207975,11.989620540756732,9303.53999999998,2.0842359252176585,82.6277711957277,-2.626488397998883
O,2025-10-13,Oráculo semanal,126,12600.0,5040.0,78.89225198412697,397616.9499999999,15,37500.0,435116.9499999999,34.533091269841265,761.1119171794719,60.4057077126565,1.1762067917734385,11259.580000000076,2.5224399678899054,100.0,-2.618203608033975
A,2025-10-20,Horario fijo (mes anterior),126,12600.0,5040.0,37.47161507936508,188856.94,14,35000.0,223856.94,17.76642380952381,475.87874393796176,37.76815428079062,1.312795415986329,0.0,0.0,0.0,0.0
B,2025-10-20,Paradas en horas caras,126,12600.0,5040.0,36.00306349206349,181455.44,14,35000.0,216455.44,17.179003174603174,472.5029080480763,37.50023079746637,2.887774375267327,7401.5,3.306352709011389,33.48535923187481,-0.7093899302897944
OD,2025-10-20,Óptimo diario,126,12600.0,5040.0,35.757595238095234,180218.27999999997,14,35000.0,215218.27999999997,17.080815873015872,472.9661203690469,37.53699368008309,3.422139460220933,8638.660000000033,3.8590092404551015,39.0824337474875,-0.6120516215564642
C,2025-10-20,"Semanal, previsión ingenua",126,12600.0,5040.0,34.12104365079365,171970.06,15,37500.0,209470.06,16.624607936507935,458.1529267880328,36.36134339587562,13.446775291580709,14386.880000000005,6.426818842426777,65.0881368676451,-3.724860035404265
L,2025-10-20,"Semanal, previsión LEAR",126,12600.0,5040.0,33.7166130952381,169931.73000000004,14,35000.0,204931.73000000004,16.264423015873017,463.63112846326794,36.79612130660857,8.683606749866158,18925.209999999963,8.454153800190408,85.62013853795423,-2.573684080390548
D,2025-10-20,"Semanal, previsión ML",126,12600.0,5040.0,34.23872023809524,172563.15,14,35000.0,207563.15,16.473265873015873,461.0957177385626,36.594898233219254,11.168118791654706,16293.790000000008,7.278661988321653,73.71524844946697,-3.1064691137636435
O,2025-10-20,Oráculo semanal,126,12600.0,5040.0,33.085962301587294,166753.24999999997,14,35000.0,201753.24999999997,16.012162698412695,458.23354909028114,36.36774199129216,5.513142750132829,22103.69000000003,9.874024901796671,100.0,-3.70791826120751
A,2025-10-27,Horario fijo (mes anterior),126,12600.0,5040.0,62.84536111111111,316740.62,14,35000.0,351740.62,27.91592222222222,597.0325057015716,47.38353219853743,1.7506461669690907,0.0,0.0,0.0,0.0
B,2025-10-27,Paradas en horas caras,126,12600.0,5040.0,62.68160515873016,315915.29000000004,14,35000.0,350915.29000000004,27.850419841269844,593.7030474228814,47.11928947800646,2.51164070982486,825.3299999999581,0.2346416515669865,7.690795236408635,-0.5576678400077806
OD,2025-10-27,Óptimo diario,126,12600.0,5040.0,62.09049404761904,312936.08999999997,14,35000.0,347936.08999999997,27.613975396825396,592.7868040613873,47.04657175090375,2.440313667524606,3804.530000000028,1.0816294120366388,35.452317498183085,-0.711134083929843
C,2025-10-27,"Semanal, previsión ingenua",126,12600.0,5040.0,61.34083531746032,309157.81,15,37500.0,346657.81,27.512524603174604,573.2130403614856,45.493098441387744,10.141497915610673,5082.809999999998,1.445044931119982,47.36390405725243,-3.989642961248119
L,2025-10-27,"Semanal, previsión LEAR",126,12600.0,5040.0,63.00132341269842,317526.67000000004,14,35000.0,352526.67000000004,27.978307142857147,598.979334646307,47.53804243224659,24.42472220724449,-786.0500000000466,-0.2234743317391226,-7.324766572861368,0.3260842460240498
D,2025-10-27,"Semanal, previsión ML",126,12600.0,5040.0,63.97515674603175,322434.79000000004,14,35000.0,357434.79000000004,28.36784047619048,589.7261543205846,46.80366304131624,22.649494333658367,-5694.170000000042,-1.6188548254677102,-53.06083083288322,-1.2237778196685256
O,2025-10-27,Oráculo semanal,126,12600.0,5040.0,60.716115079365075,306009.22,14,35000.0,341009.22,27.064223809523806,576.4240100186348,45.74793730306626,1.700586291961372,10731.400000000023,3.050941344221211,100.0,-3.451821380934661
A,2025-11-03,Horario fijo (mes anterior),126,12600.0,5040.0,40.45114682539683,203873.78000000003,14,35000.0,238873.78000000003,18.958236507936512,453.1902038858828,35.967476498879584,1.2289539999328554,0.0,0.0,0.0,0.0
B,2025-11-03,Paradas en horas caras,126,12600.0,5040.0,40.09073611111111,202057.31,14,35000.0,237057.31,18.814072222222222,449.70103025022433,35.69055795636701,3.151657334063202,1816.4700000000305,0.7604308852985162,11.829526960891398,-0.769913737265393
OD,2025-11-03,Óptimo diario,126,12600.0,5040.0,39.209339285714286,197615.07,14,35000.0,232615.07,18.461513492063492,449.1737631796402,35.64871136346351,2.8155540828593075,6258.710000000021,2.62009082788409,40.759042915875085,-0.8862593833237287
C,2025-11-03,"Semanal, previsión ingenua",126,12600.0,5040.0,38.822224206349205,195664.01,15,37500.0,233164.01,18.50508015873016,442.85901668901965,35.14754100706505,6.247027750592679,5709.770000000019,2.390287456413181,37.18414185507494,-2.2796581012295314
L,2025-11-03,"Semanal, previsión LEAR",126,12600.0,5040.0,38.08586507936508,191952.76,14,35000.0,226952.76,18.01212380952381,443.8984301288914,35.2300341372136,4.870033957995474,11921.02000000002,4.990510050956625,77.63410763256395,-2.050303311351176
D,2025-11-03,"Semanal, previsión ML",126,12600.0,5040.0,38.432494047619045,193699.77,14,35000.0,228699.77,18.150775396825395,443.6024196516162,35.20654124219176,5.9642812930978835,10174.010000000038,4.259157283817435,66.25692997703081,-2.115620362500359
O,2025-11-03,Oráculo semanal,126,12600.0,5040.0,37.900474206349195,191018.38999999996,13,32500.0,223518.38999999996,17.73955476190476,438.06368438647337,34.766959078291535,3.253274374641478,15355.390000000072,6.428244238442608,100.0,-3.337786070772708
A,2025-11-10,Horario fijo (mes anterior),126,12600.0,5040.0,34.01067857142856,171413.81999999998,14,35000.0,206413.82,16.382049206349205,439.4290074363352,34.87531805050279,1.6795275420881808,0.0,0.0,0.0,0.0
B,2025-11-10,Paradas en horas caras,126,12600.0,5040.0,33.40777380952382,168375.18000000005,14,35000.0,203375.18000000005,16.140887301587306,436.9942468873644,34.68208308629876,2.6058475421741605,3038.6399999999267,1.4721107336708013,13.5469659270603,-0.5540736974045779
OD,2025-11-10,Óptimo diario,126,12600.0,5040.0,33.23287301587301,167493.68,14,35000.0,202493.68,16.070926984126984,437.11087140667064,34.69133900052942,2.8326884591951966,3920.139999999985,1.8991654725444185,17.476898549781232,-0.5275336835837696
C,2025-11-10,"Semanal, previsión ingenua",126,12600.0,5040.0,31.399176587301582,158251.84999999998,14,35000.0,193251.85,15.33744841269841,416.79998335792743,33.07936375856567,4.931435750797391,13161.97,6.376496496213287,58.6791324813055,-5.149642762644935
L,2025-11-10,"Semanal, previsión LEAR",126,12600.0,5040.0,33.65334523809525,169612.86000000004,14,35000.0,204612.86000000004,16.239115873015876,438.1592880044324,34.77454666701844,5.068264126777649,1800.9599999999336,0.8724997192532621,8.02909978016422,-0.288947568416209
D,2025-11-10,"Semanal, previsión ML",126,12600.0,5040.0,34.59825198412698,174375.18999999997,14,35000.0,209375.18999999997,16.617078571428568,436.160242197568,34.61589223790222,7.996550083626062,-2961.3699999999953,-1.4346762246830158,-13.202478242707087,-0.7438665139193779
O,2025-11-10,Oráculo semanal,126,12600.0,5040.0,29.56020039682539,148983.40999999997,14,35000.0,183983.40999999997,14.601857936507937,407.5523136417422,32.34542171759859,1.8890769174322488,22430.410000000003,10.866719098556484,100.0,-7.254116877846595
A,2025-11-17,Horario fijo (mes anterior),126,12600.0,5040.0,60.78844246031747,306373.75000000006,14,35000.0,341373.75000000006,27.093154761904767,507.44747465795933,40.27360909983804,1.1677324161864815,0.0,0.0,0.0,0.0
B,2025-11-17,Paradas en horas caras,126,12600.0,5040.0,60.58739087301588,305360.45,14,35000.0,340360.45,27.012734126984128,500.7755330354952,39.744089923452,5.757543165702373,1013.3000000000466,0.2968300872577479,7.990656932464968,-1.3148043798939524
OD,2025-11-17,Óptimo diario,126,12600.0,5040.0,59.95249007936508,302160.55,14,35000.0,337160.55,26.75877380952381,501.08557975914135,39.76869680628106,2.4655870432034135,4213.20000000007,1.2341897993035695,33.224351907490785,-1.2537051057562532
C,2025-11-17,"Semanal, previsión ingenua",126,12600.0,5040.0,60.61874404761904,305518.47,15,37500.0,343018.47,27.223688095238092,496.4177651436239,39.398235328859045,8.491868040524423,-1644.719999999914,-0.4817945140772873,-12.969893683965743,-2.1735667364922606
L,2025-11-17,"Semanal, previsión LEAR",126,12600.0,5040.0,59.77321031746031,301256.98,14,35000.0,336256.98,26.687061904761904,502.66956624809944,39.89441001969043,5.3456482496112585,5116.770000000077,1.4988762316962203,40.34970262738331,-0.9415572346833324
D,2025-11-17,"Semanal, previsión ML",126,12600.0,5040.0,59.40857738095238,299419.23,15,37500.0,336919.23,26.73962142857143,490.405183367244,38.92104629898762,7.183375583961606,4454.520000000077,1.3048806476772383,35.127347398404055,-3.3584345458025022
O,2025-11-17,Oráculo semanal,126,12600.0,5040.0,58.27235912698413,293692.69,14,35000.0,328692.69,26.08672142857143,483.6782944710818,38.38716622786364,3.454507083632052,12681.060000000056,3.714714444212554,100.0,-4.684067095397193
A,2025-11-24,Horario fijo (mes anterior),126,12600.0,5040.0,61.55874404761905,310256.07,14,35000.0,345256.07,27.401275396825397,505.29639604474426,40.1028885749797,1.6357921250164509,0.0,0.0,0.0,0.0
B,2025-11-24,Paradas en horas caras,126,12600.0,5040.0,60.94688690476189,307172.30999999994,14,35000.0,342172.30999999994,27.156532539682537,499.5416949807443,39.646166268313046,3.3078161235898733,3083.7600000000675,0.8931805311924182,26.11494688954799,-1.138876332593186
OD,2025-11-24,Óptimo diario,126,12600.0,5040.0,60.65461111111111,305699.24,14,35000.0,340699.24,27.03962222222222,498.53691428097136,39.56642176833106,2.669021419249475,4556.830000000016,1.3198406620338394,38.58970005275923,-1.337726098322367
C,2025-11-24,"Semanal, previsión ingenua",126,12600.0,5040.0,59.80625793650795,301423.54000000004,15,37500.0,338923.54000000004,26.898693650793653,486.8056370641124,38.635368020961295,5.0261928755789995,6332.52999999997,1.8341545740238456,53.627287670397486,-3.6593886529510344
L,2025-11-24,"Semanal, previsión LEAR",126,12600.0,5040.0,59.5227619047619,299994.72,14,35000.0,334994.72,26.586882539682534,488.17072087067334,38.743708005608994,6.524181122891605,10261.350000000037,2.972098361659517,86.89865951470229,-3.389233588073015
D,2025-11-24,"Semanal, previsión ML",126,12600.0,5040.0,60.09000992063493,302853.65,15,37500.0,340353.65,27.012194444444447,491.48347821338587,39.00662525503062,8.40361596038565,4902.419999999984,1.4199373815498693,41.51634301315752,-2.7336268256572427
O,2025-11-24,Oráculo semanal,126,12600.0,5040.0,59.21580555555556,298447.66000000003,14,35000.0,333447.66000000003,26.4641,487.6953655799812,38.7059813952366,1.6145524578168988,11808.409999999974,3.4201889629340836,100.0,-3.4833081341044236
A,2025-12-01,Horario fijo (mes anterior),126,12600.0,5040.0,55.93162896825396,281895.41,14,35000.0,316895.41,25.15042936507936,487.90652715417673,38.72274025033148,1.461143208667636,0.0,0.0,0.0,0.0
B,2025-12-01,Paradas en horas caras,126,12600.0,5040.0,56.00257142857144,282252.96,14,35000.0,317252.96,25.17880634920635,487.7737879921458,38.71220539620205,5.069568585138768,-357.55000000004657,-0.1128290245668268,-4.77917932582291,-0.0272058590413126
OD,2025-12-01,Óptimo diario,126,12600.0,5040.0,55.73581349206349,280908.5,14,35000.0,315908.5,25.072103174603175,487.985396985878,38.72899976078397,2.6696708323433995,986.9099999999744,0.3114308282344558,13.191497324701864,0.0161649470363345
C,2025-12-01,"Semanal, previsión ingenua",126,12600.0,5040.0,59.232674603174615,298532.68000000005,14,35000.0,333532.68000000005,26.470847619047625,496.9748847128076,39.442451167683146,6.707255833316594,-16637.270000000077,-5.250082353669963,-222.38147621905676,1.8586259977959376
L,2025-12-01,"Semanal, previsión LEAR",126,12600.0,5040.0,55.17047420634922,278059.19000000006,14,35000.0,313059.19000000006,24.845967460317464,484.38314055171935,38.4431063929936,5.770645501557738,3836.219999999914,1.2105634474162672,51.27669784171603,-0.7221437727034097
D,2025-12-01,"Semanal, previsión ML",126,12600.0,5040.0,61.266706349206366,308784.20000000007,15,37500.0,346284.20000000007,27.48287301587302,503.8569951899598,39.98865041190157,10.433146956842393,-29388.790000000095,-9.273971497409851,-392.82421361748914,3.2691647166144033
O,2025-12-01,Oráculo semanal,126,12600.0,5040.0,54.44722222222222,274414.0,14,35000.0,309414.0,24.55666666666667,481.35000662178345,38.20238147791932,1.103392458986491,7481.409999999974,2.360845176015637,100.0,-1.3438066858083797
A,2025-12-08,Horario fijo (mes anterior),126,12600.0,5040.0,74.05856150793652,373255.15,14,35000.0,408255.15,32.401202380952384,548.4903303251532,43.53097859723438,1.0840743752196431,0.0,0.0,0.0,0.0
B,2025-12-08,Paradas en horas caras,126,12600.0,5040.0,74.6027003968254,375997.61,14,35000.0,410997.61,32.618857936507936,552.022065793436,43.81127506297111,3.113801332190633,-2742.4599999999627,-0.6717514769868702,-44.54265356273282,0.6439011360855007
OD,2025-12-08,Óptimo diario,126,12600.0,5040.0,73.95430555555555,372729.6999999999,14,35000.0,407729.6999999999,32.3595,549.6059868981829,43.619522769697056,2.2722152466885746,525.4500000000698,0.1287062759649375,8.534285756051643,0.2034049665685655
C,2025-12-08,"Semanal, previsión ingenua",126,12600.0,5040.0,74.39901190476192,374971.0200000001,14,35000.0,409971.0200000001,32.53738253968255,540.315050519163,42.88214686660024,15.144927916117013,-1715.8700000000536,-0.4202935345702445,-27.868921686620695,-1.490505730728875
L,2025-12-08,"Semanal, previsión LEAR",126,12600.0,5040.0,73.38539880952382,369862.41,14,35000.0,404862.41,32.13193730158731,545.3813190184942,43.28423166813446,8.472163626924157,3392.7399999999907,0.8310342196540547,55.10441080213669,-0.5668306503810117
D,2025-12-08,"Semanal, previsión ML",126,12600.0,5040.0,73.3558492063492,369713.48,14,35000.0,404713.48,32.12011746031746,544.1446751940626,43.18608533286211,5.806586915627122,3541.670000000042,0.867513857449206,57.52331113071037,-0.7922938456388806
O,2025-12-08,Oráculo semanal,126,12600.0,5040.0,72.83694841269842,367098.22,14,35000.0,402098.22,31.912557142857143,536.9861265933728,42.61794655502958,2.674761875066906,6156.929999999993,1.508108348418873,100.0,-2.0974305463070886
A,2025-12-15,Horario fijo (mes anterior),126,12600.0,5040.0,81.51191071428569,410820.0299999999,14,35000.0,445820.0299999999,35.38254206349205,560.3428292512097,44.47165311517536,1.5254081669263542,0.0,0.0,0.0,0.0
B,2025-12-15,Paradas en horas caras,126,12600.0,5040.0,81.50711706349206,410795.87,14,35000.0,445795.87,35.3806246031746,561.0797286367201,44.53013719339049,4.431962916161865,24.15999999991618,0.0054192271262276,0.2551268242192692,0.1315086670235832
OD,2025-12-15,Óptimo diario,126,12600.0,5040.0,81.27683134920635,409635.23,14,35000.0,444635.23,35.288510317460315,560.8553807173341,44.512331802963025,2.5932907084934413,1184.7999999999302,0.265757462714255,12.511351876490938,0.0914710493947756
C,2025-12-15,"Semanal, previsión ingenua",126,12600.0,5040.0,80.36362896825396,405032.69,14,35000.0,440032.69,34.923229365079365,547.6579678636962,43.46491808442033,9.686062751337886,5787.339999999909,1.2981336886097088,61.11364548353663,-2.2637679515707165
L,2025-12-15,"Semanal, previsión LEAR",126,12600.0,5040.0,80.66710119047619,406562.19,14,35000.0,441562.19,35.04461825396825,554.5321623563502,44.010489075900814,7.134904789272696,4257.839999999909,0.955058030927841,44.96230121016221,-1.036984251698958
D,2025-12-15,"Semanal, previsión ML",126,12600.0,5040.0,80.63052777777777,406377.86,14,35000.0,441377.86,35.02998888888889,551.6706242925386,43.78338288036021,6.707330667879432,4442.1699999999255,0.9964043113989128,46.90880483220298,-1.5476605581371985
O,2025-12-15,Oráculo semanal,126,12600.0,5040.0,79.63298214285714,401350.23,14,35000.0,436350.23,34.63097063492064,536.5481133653591,42.58318360042533,4.1301214578561485,9469.79999999993,2.124130672190734,100.0,-4.246456748210314
A,2025-12-22,Horario fijo (mes anterior),126,12600.0,5040.0,63.253525793650795,318797.77,14,35000.0,353797.77,28.079188095238095,449.1904206300373,35.65003338333629,1.1968665830790997,0.0,0.0,0.0,0.0
B,2025-12-22,Paradas en horas caras,126,12600.0,5040.0,62.97719444444446,317405.06000000006,14,35000.0,352405.06000000006,27.96865555555556,449.2287269156949,35.65307356473769,3.117211335338652,1392.7099999999627,0.3936457824479681,15.353230913051128,0.0085278500828067
OD,2025-12-22,Óptimo diario,126,12600.0,5040.0,62.87791666666666,316904.69999999995,14,35000.0,351904.69999999995,27.92894444444444,450.3676840203801,35.743466985744455,2.1356715415604413,1893.0700000000652,0.5350712074867134,20.869198070360287,0.2620855958352042
C,2025-12-22,"Semanal, previsión ingenua",126,12600.0,5040.0,62.97432539682539,317390.6,14,35000.0,352390.6,27.967507936507936,440.4352754037261,34.95518058759731,10.362670792266726,1407.170000000042,0.3977328630420824,15.5126379102034,-1.9490943760624104
L,2025-12-22,"Semanal, previsión LEAR",126,12600.0,5040.0,62.43621031746033,314678.50000000006,14,35000.0,349678.50000000006,27.75226190476191,446.5134268971057,35.437573563262355,9.499429332092404,4119.26999999996,1.1643007246766874,45.4108202735711,-0.5959596665433664
D,2025-12-22,"Semanal, previsión ML",126,12600.0,5040.0,62.78975595238095,316460.37,13,32500.0,348960.37,27.69526746031746,448.5697047806996,35.60077022069045,7.273025959264487,4837.400000000023,1.3672782618160717,53.32748326557278,-0.1381854600699172
O,2025-12-22,Oráculo semanal,126,12600.0,5040.0,61.45370039682541,309726.65,14,35000.0,344726.65,27.359257936507937,439.0340011211768,34.84396834295054,1.0263239578343928,9071.119999999995,2.5639279750123904,100.0,-2.2610498894021336
A,2025-12-29,Horario fijo (mes anterior),126,12600.0,5040.0,82.32400793650793,414912.99999999994,14,35000.0,449912.99999999994,35.707380952380944,519.8768732996399,41.26006930949523,1.1680776667781174,0.0,0.0,0.0,0.0
B,2025-12-29,Paradas en horas caras,126,12600.0,5040.0,81.95419246031746,413049.13,14,35000.0,448049.13,35.55945476190476,520.5102800239848,41.31033968444324,7.119092540349811,1863.8699999999371,0.4142734261957173,43.95349659831725,0.1218378344712167
OD,2025-12-29,Óptimo diario,126,12600.0,5040.0,81.77938492063491,412168.1,14,35000.0,447168.1,35.489531746031744,519.9422265417904,41.265256074745274,2.7000552089884877,2744.899999999965,0.6100957296188297,64.7298109914981,0.0125709077489322
C,2025-12-29,"Semanal, previsión ingenua",126,12600.0,5040.0,81.23244642857141,409411.5299999999,15,37500.0,446911.5299999999,35.46916904761904,504.23285889576783,40.01848086474348,8.8546054167673,3001.4700000000303,0.667122310313334,70.78020539788561,-3.009176827693849
L,2025-12-29,"Semanal, previsión LEAR",126,12600.0,5040.0,81.11323214285713,408810.68999999994,15,37500.0,446310.68999999994,35.42148333333333,510.0634143779012,40.4812233633255,4.837448084261268,3602.3099999999977,0.8006681291716394,84.94912216575698,-1.887650600699553
D,2025-12-29,"Semanal, previsión ML",126,12600.0,5040.0,81.48619246031745,410690.41,15,37500.0,448190.41,35.57066746031746,517.50507204475,41.0718311146627,8.150137166958302,1722.5899999999674,0.382871799659038,40.62185329733106,-0.4562236515419759
O,2025-12-29,Oráculo semanal,126,12600.0,5040.0,81.48262896825396,410672.4499999999,14,35000.0,445672.4499999999,35.37082936507936,514.5684992176174,40.83876977917598,1.2782862079329789,4240.549999999988,0.9425266662665868,100.0,-1.0210829437998337
A,2026-01-05,Horario fijo (mes anterior),126,12600.0,5040.0,70.01426785714287,352871.91000000003,14,35000.0,387871.91,30.783484920634923,408.8556995849212,32.44886504642231,1.9696578341536224,0.0,0.0,0.0,0.0
B,2026-01-05,Paradas en horas caras,126,12600.0,5040.0,70.13256944444444,353468.15,14,35000.0,388468.15,30.830805555555557,411.84038254459864,32.68574464639672,3.670236041769386,-596.2399999999907,-0.1537208507829274,-11.283277948935098,0.7300088913295255
OD,2026-01-05,Óptimo diario,126,12600.0,5040.0,70.02604563492064,352931.27,14,35000.0,387931.27,30.788196031746033,410.7043189773721,32.59558087122001,3.092728500254452,-59.35999999998603,-0.0153040213713816,-1.123331844640816,0.452144703945101
C,2026-01-05,"Semanal, previsión ingenua",126,12600.0,5040.0,69.26659325396825,349103.63,14,35000.0,384103.63,30.48441507936508,411.8271367722286,32.68469339462131,5.235765415709466,3768.280000000028,0.9715269146456178,71.31113415640367,0.7267691731640546
L,2026-01-05,"Semanal, previsión LEAR",126,12600.0,5040.0,69.48873214285713,350223.20999999996,14,35000.0,385223.21,30.573270634920632,412.72223240178056,32.755732730300046,27.829783959314227,2648.70000000007,0.682880077600894,50.12414179415277,0.9456962005873316
D,2026-01-05,"Semanal, previsión ML",126,12600.0,5040.0,70.08881547619049,353247.63000000006,14,35000.0,388247.63000000006,30.813303968253972,411.283377262749,32.64153787799595,7.0291742901317775,-375.72000000003027,-0.0968670301492135,-7.110145563823799,0.5937737153456579
O,2026-01-05,Oráculo semanal,126,12600.0,5040.0,69.46183134920635,350087.63,13,32500.0,382587.63,30.36409761904762,413.1059800707444,32.786188894503525,4.033890666440129,5284.280000000028,1.3623775952220998,100.0,1.0395551511543475
A,2026-01-12,Horario fijo (mes anterior),126,12600.0,5040.0,102.23581349206349,515268.5,14,35000.0,550268.5,43.67210317460317,521.5028131675323,41.38911215615335,1.236122832633555,0.0,0.0,0.0,0.0
B,2026-01-12,Paradas en horas caras,126,12600.0,5040.0,102.28089285714285,515495.6999999999,14,35000.0,550495.7,43.69013492063492,524.8072591550408,41.65136977420959,2.7982527492567897,-227.19999999995343,-0.0412889344020152,-3.2783478973547413,0.6336391490273652
OD,2026-01-12,Óptimo diario,126,12600.0,5040.0,102.3152361111111,515668.79,14,35000.0,550668.79,43.70387222222222,522.4324634655161,41.462893925834614,3.46819558320567,-400.29000000003725,-0.0727444874638539,-5.775923766868488,0.1782637168028289
C,2026-01-12,"Semanal, previsión ingenua",126,12600.0,5040.0,105.23041071428572,530361.27,14,35000.0,565361.27,44.86994206349207,529.1389796560267,41.995157115557674,12.756524416152388,-15092.77000000002,-2.742801014413876,-217.77883272345477,1.4642618017941975
L,2026-01-12,"Semanal, previsión LEAR",126,12600.0,5040.0,105.12507738095236,529830.3899999999,14,35000.0,564830.3899999999,44.82780873015872,530.0710309307239,42.06912943894634,5.476561291608959,-14561.889999999898,-2.646324476142083,-210.1185803830127,1.6429859143327397
D,2026-01-12,"Semanal, previsión ML",126,12600.0,5040.0,103.34984325396825,520883.21,15,37500.0,558383.21,44.31612777777777,522.593064874868,41.475640069433965,5.731975873932242,-8114.709999999963,-1.474681905288048,-117.08997564326069,0.209059602327688
O,2026-01-12,Oráculo semanal,126,12600.0,5040.0,100.86075,508338.18000000005,14,35000.0,543338.18,43.12207777777778,516.4159393624489,40.98539201289277,5.091665499843657,6930.319999999949,1.259443344476369,100.0,-0.9754259568009792
A,2026-01-19,Horario fijo (mes anterior),126,12600.0,5040.0,55.50432539682541,279741.80000000005,14,35000.0,314741.80000000005,24.97950793650794,346.5209342031859,27.501661444697294,0.9795785839669406,0.0,0.0,0.0,0.0
B,2026-01-19,Paradas en horas caras,126,12600.0,5040.0,55.531371031746026,279878.11,14,35000.0,314878.11,24.99032619047619,346.3744332863413,27.490034387804865,4.524386875797063,-136.30999999993946,-0.0433085151066491,-0.4243069254072694,-0.0422776526276758
OD,2026-01-19,Óptimo diario,126,12600.0,5040.0,54.87825198412699,276586.39,14,35000.0,311586.39,24.729078571428573,345.96752247142774,27.45773987868474,2.9008487472310662,3155.4100000000326,1.0025392242149065,9.822187040569,-0.1597051367273727
C,2026-01-19,"Semanal, previsión ingenua",126,12600.0,5040.0,61.05867063492064,307735.7,15,37500.0,345235.7,27.39965873015873,353.30920163160954,28.040412827905516,9.928489415440708,-30493.899999999965,-9.68854470553322,-94.92167084353652,1.9589775850146207
L,2026-01-19,"Semanal, previsión LEAR",126,12600.0,5040.0,51.403599206349206,259074.14,14,35000.0,294074.14,23.33921746031746,330.7029411733678,26.246265172489508,11.607040750794113,20667.660000000033,6.566544386541612,64.33446753698712,-4.564801565651755
D,2026-01-19,"Semanal, previsión ML",126,12600.0,5040.0,51.90089484126984,261580.51,14,35000.0,296580.51,23.538135714285715,333.8647363142784,26.497201294784,5.8886002083308995,18161.290000000037,5.770218636355271,56.532617719413295,-3.6523617016126497
O,2026-01-19,Oráculo semanal,126,12600.0,5040.0,48.63422023809524,245116.47,15,37500.0,282616.47,22.42987857142857,320.52111830084306,25.4381839921304,2.4648344586603343,32125.330000000075,10.20688386480603,100.0,-7.503101064335005
A,2026-01-26,Horario fijo (mes anterior),126,12600.0,5040.0,13.388851190476194,67479.81000000001,14,35000.0,102479.81,8.133318253968255,278.34299413967585,22.090713820609196,0.9138947916217148,0.0,0.0,0.0,0.0
B,2026-01-26,Paradas en horas caras,126,12600.0,5040.0,13.299871031746031,67031.35,14,35000.0,102031.35,8.097726190476191,279.1883299419428,22.157803963646256,3.057373082730919,448.4600000000064,0.4376081493515711,4.258624602706634,0.3037029205207098
OD,2026-01-26,Óptimo diario,126,12600.0,5040.0,12.918460317460315,65109.04,14,35000.0,100109.04,7.945161904761905,279.5648075045302,22.187683135280174,2.005437749903649,2370.770000000004,2.3134020252379504,22.51308801087874,0.4389596255622852
C,2026-01-26,"Semanal, previsión ingenua",126,12600.0,5040.0,13.318742063492063,67126.46,14,35000.0,102126.46,8.105274603174603,276.6218466116052,21.954114810444857,7.217233958188444,353.3500000000058,0.3447996244333452,3.3554497689122607,-0.6183548946114281
L,2026-01-26,"Semanal, previsión LEAR",126,12600.0,5040.0,12.333541666666669,62161.05,14,35000.0,97161.05,7.711194444444445,277.12047084220114,21.993688162079454,7.773908626288176,5318.760000000009,5.190056460877522,50.50751949313573,-0.4392146823214982
D,2026-01-26,"Semanal, previsión ML",126,12600.0,5040.0,17.9082003968254,90257.33000000002,14,35000.0,125257.33000000002,9.94105793650794,276.9753681335349,21.982172074090073,4.7937981663271785,-22777.520000000004,-22.22634878031097,-216.29779035062444,-0.4913455825852897
O,2026-01-26,Oráculo semanal,126,12600.0,5040.0,11.299440476190476,56949.18,14,35000.0,91949.18,7.297553968253967,274.9664322829266,21.822732720867187,3.686822374816984,10530.63000000002,10.275809449685765,100.0,-1.2130938905740465
A,2026-02-02,Horario fijo (mes anterior),126,12600.0,5040.0,3.997537698412699,20147.590000000004,14,35000.0,55147.59,4.376792857142857,262.0882143049665,20.800651928965596,1.108015667181462,0.0,0.0,0.0,0.0
B,2026-02-02,Paradas en horas caras,126,12600.0,5040.0,3.5084384920634917,17682.53,14,35000.0,52682.53,4.181153174603175,263.49337680272606,20.912172762121116,2.3436041260138154,2465.060000000005,4.4699324122776805,34.33054285503399,0.5361410475804407
OD,2026-02-02,Óptimo diario,126,12600.0,5040.0,3.548206349206349,17882.96,14,35000.0,52882.96,4.197060317460317,263.42651408781836,20.906866197445904,2.9305598754435778,2264.6300000000047,4.106489512959686,31.53918252123503,0.5106295170123953
C,2026-02-02,"Semanal, previsión ingenua",126,12600.0,5040.0,3.2576904761904757,16418.76,14,35000.0,51418.759999999995,4.080853968253968,260.3500411859133,20.66270168142169,4.680713501293212,3728.830000000009,6.76154660611644,51.93088935528403,-0.6632015574079442
L,2026-02-02,"Semanal, previsión LEAR",126,12600.0,5040.0,3.805388888888888,19179.159999999996,14,35000.0,54179.16,4.299933333333333,262.6018754088633,20.84141868324312,5.449450667016208,968.4300000000076,1.7560694855387289,13.48718798613452,0.1959878681530691
D,2026-02-02,"Semanal, previsión ML",126,12600.0,5040.0,3.366144841269841,16965.37,14,35000.0,51965.369999999995,4.124235714285714,261.26780910226785,20.735540404941897,4.308479083236307,3182.2200000000084,5.770370019795983,44.31832899975916,-0.3130263620874096
O,2026-02-02,Oráculo semanal,126,12600.0,5040.0,2.572861111111111,12967.22,14,35000.0,47967.22,3.806922222222222,260.1257678316111,20.644902208858024,1.0363059998489916,7180.370000000003,13.020278855340734,100.0,-0.748773262681679
A,2026-02-09,Horario fijo (mes anterior),126,12600.0,5040.0,1.2889186507936503,6496.149999999999,14,35000.0,41496.15,3.293345238095238,276.3642853953329,21.93367344407404,0.9964138339273632,0.0,0.0,0.0,0.0
B,2026-02-09,Paradas en horas caras,126,12600.0,5040.0,0.766640873015873,3863.87,14,35000.0,38863.87,3.084434126984127,277.344683836579,22.01148284417294,3.3162081660702825,2632.279999999999,6.3434318605460955,51.006456513482696,0.3547486028607771
OD,2026-02-09,Óptimo diario,126,12600.0,5040.0,0.6056091269841269,3052.27,14,35000.0,38052.27,3.0200214285714284,278.41596138085674,22.096504871496567,2.9660259569063783,3443.8800000000047,8.299275956926136,66.73306618507647,0.7423810144603138
C,2026-02-09,"Semanal, previsión ingenua",126,12600.0,5040.0,0.4259345238095236,2146.709999999999,14,35000.0,37146.71,2.948151587301587,276.53458484775126,21.94718927363105,11.329636125359684,4349.440000000002,10.481550698076814,84.28036615329766,0.0616213676722932
L,2026-02-09,"Semanal, previsión LEAR",126,12600.0,5040.0,0.7594880952380954,3827.8200000000006,14,35000.0,38827.82,3.081573015873016,276.6863408369388,21.95923339975705,6.154589541256428,2668.3300000000017,6.430307389962687,51.70500786718033,0.1165329453280294
D,2026-02-09,"Semanal, previsión ML",126,12600.0,5040.0,0.6675535714285715,3364.4700000000003,14,35000.0,38364.47,3.0447992063492064,272.194199071257,21.602714212004525,57.19150658324361,3131.6800000000003,7.546917003143664,60.68347582101583,-1.5089092710046437
O,2026-02-09,Oráculo semanal,126,12600.0,5040.0,0.2649742063492064,1335.4700000000005,14,35000.0,36335.47,2.8837674603174603,276.448725100797,21.94037500799976,5.685617666691542,5160.68,12.436527244093728,100.0,0.0305537690383106
A,2026-02-16,Horario fijo (mes anterior),126,12600.0,5040.0,10.445184523809523,52643.73,14,35000.0,87643.73,6.955851587301587,312.7850888925317,24.824213404169186,1.756921332795173,0.0,0.0,0.0,0.0
B,2026-02-16,Paradas en horas caras,126,12600.0,5040.0,8.267551587301588,41668.46,14,35000.0,76668.45999999999,6.0847984126984125,310.61657848022367,24.652109403192355,2.945543040987104,10975.270000000004,12.52259574073354,60.344198137430766,-0.693290853469386
OD,2026-02-16,Óptimo diario,126,12600.0,5040.0,8.122761904761905,40938.72,14,35000.0,75938.72,6.02688253968254,311.1956826988216,24.698070055462033,2.9835866652429104,11705.009999999997,13.355216625307932,64.35645251921893,-0.5081464079178644
C,2026-02-16,"Semanal, previsión ingenua",126,12600.0,5040.0,11.872515873015873,59837.48,14,35000.0,94837.48,7.5267841269841265,318.55167978674535,25.28187934815439,12.606885915622115,-7193.75,-8.207945964873929,-39.55265568420115,1.8436271737349184
L,2026-02-16,"Semanal, previsión LEAR",126,12600.0,5040.0,7.526926587301588,37935.71000000001,14,35000.0,72935.71,5.788548412698413,308.42973394350315,24.47855031297644,4.420181419234723,14708.01999999999,16.781599779014417,80.86759351608603,-1.3924432793293915
D,2026-02-16,"Semanal, previsión ML",126,12600.0,5040.0,10.937529761904765,55125.15,14,35000.0,90125.15,7.152789682539682,316.3871104925033,25.11008813432566,23.40749083366245,-2481.4199999999983,-2.8312578663641976,-13.643336350010824,1.1515963285606778
O,2026-02-16,Oráculo semanal,126,12600.0,5040.0,6.8364980158730155,34455.95,14,35000.0,69455.95,5.512376984126984,304.67905951204716,24.18087773905136,1.0098993750289085,18187.78,20.75194654540605,100.0,-2.5915651571452147
A,2026-02-23,Horario fijo (mes anterior),126,12600.0,5040.0,13.032099206349203,65681.77999999998,14,35000.0,100681.77999999998,7.990617460317459,336.161263994415,26.67946539638214,1.0156454578973353,0.0,0.0,0.0,0.0
B,2026-02-23,Paradas en horas caras,126,12600.0,5040.0,10.82624404761905,54564.27,14,35000.0,89564.27,7.108275396825397,331.3880288201583,26.30063720794907,2.367675291839987,11117.50999999998,11.042226309467296,83.9529395773473,-1.419924210641943
OD,2026-02-23,Óptimo diario,126,12600.0,5040.0,10.70324007936508,53944.329999999994,14,35000.0,88944.32999999999,7.059073809523809,332.14668140140935,26.36084773027058,2.77467800071463,11737.449999999995,11.65796830369904,88.6343642274337,-1.1942430681342042
C,2026-02-23,"Semanal, previsión ingenua",126,12600.0,5040.0,10.518174603174604,53011.600000000006,14,35000.0,88011.6,6.985047619047619,331.5109870256866,26.310395795689413,4.204029956832528,12670.179999999978,12.584382199043343,95.67779619484166,-1.383347061904694
L,2026-02-23,"Semanal, previsión LEAR",126,12600.0,5040.0,10.508204365079369,52961.350000000006,14,35000.0,87961.35,6.981059523809524,331.80136422935595,26.33344160550444,4.393983249552548,12720.429999999978,12.63429192451701,96.05725483385,-1.2969667335411603
D,2026-02-23,"Semanal, previsión ML",126,12600.0,5040.0,10.772684523809522,54294.329999999994,14,35000.0,89294.32999999999,7.086851587301586,332.76473210398785,26.40989937333237,9.917801374569535,11387.449999999995,11.310338375026742,85.99136873185316,-1.0103876484958585
O,2026-02-23,Oráculo semanal,126,12600.0,5040.0,10.404609126984129,52439.23000000001,14,35000.0,87439.23000000001,6.93962142857143,330.6866579018624,26.24497284935416,0.9874835000373424,13242.549999999974,13.152876319826662,100.0,-1.6285654175323128
A,2026-03-02,Horario fijo (mes anterior),126,12600.0,5040.0,43.66428968253969,220068.02,14,35000.0,255068.02,20.243493650793653,337.22856957112356,26.76417218818441,1.0787880830466747,0.0,0.0,0.0,0.0
B,2026-03-02,Paradas en horas caras,126,12600.0,5040.0,44.2539880952381,223040.1,14,35000.0,258040.1,20.479373015873016,337.2367242248886,26.764819382927666,3.0904757073149085,-2972.079999999987,-1.165210754370535,-16.003532313126545,0.0024181384677524
OD,2026-03-02,Óptimo diario,126,12600.0,5040.0,44.03410317460318,221931.88000000003,14,35000.0,256931.88000000003,20.39141904761905,337.0529542991775,26.75023446818869,3.868887334130704,-1863.8600000000151,-0.7307305713981764,-10.036184671053409,-0.0520760361939154
C,2026-03-02,"Semanal, previsión ingenua",126,12600.0,5040.0,46.39626785714286,233837.19,15,37500.0,271337.19,21.53469761904762,342.18441467946354,27.157493228528853,5.270254875533283,-16269.169999999984,-6.378365268997651,-87.60335785131957,1.469580443508289
L,2026-03-02,"Semanal, previsión LEAR",126,12600.0,5040.0,42.303525793650806,213209.77000000005,14,35000.0,248209.77000000005,19.6991880952381,334.409381686199,26.540427117952305,7.511176000349224,6858.249999999971,2.6887925816807496,36.92909527553099,-0.8359872618473263
D,2026-03-02,"Semanal, previsión ML",126,12600.0,5040.0,46.14091071428572,232550.19,15,37500.0,270050.19,21.43255476190476,338.0833538707359,26.832012211963168,3.6972921662963927,-14982.169999999984,-5.873793978563045,-80.67334718976471,0.25347327502514
O,2026-03-02,Oráculo semanal,126,12600.0,5040.0,39.979488095238096,201496.62,14,35000.0,236496.62,18.769573015873014,332.00426938334147,26.349545189154085,1.2833652081899345,18571.400000000023,7.2809598004485325,100.0,-1.549186711679318
A,2026-03-09,Horario fijo (mes anterior),126,12600.0,5040.0,54.534339285714296,274853.07000000007,14,35000.0,309853.07000000007,24.5915134920635,362.9447438666656,28.805138402116317,1.0979601657018063,0.0,0.0,0.0,0.0
B,2026-03-09,Paradas en horas caras,126,12600.0,5040.0,54.47612499999998,274559.6699999999,14,35000.0,309559.6699999999,24.56822777777777,363.3080133464221,28.833969313208105,3.105750458315015,293.4000000001397,0.0946900413154336,0.832832091796999,0.1000894725424084
OD,2026-03-09,Óptimo diario,126,12600.0,5040.0,53.955422619047624,271935.33,14,35000.0,306935.33,24.359946825396825,362.9696976364668,28.807118860037043,2.741862458176911,2917.740000000049,0.941652764647466,8.282166010629378,0.0068753633226226
C,2026-03-09,"Semanal, previsión ingenua",126,12600.0,5040.0,50.09317261904762,252469.59000000003,15,37500.0,289969.59,23.013459523809527,349.78061299621584,27.76036611081078,17.003732626326382,19883.48000000004,6.417067289344603,56.44035528492141,-3.627034443371313
L,2026-03-09,"Semanal, previsión LEAR",126,12600.0,5040.0,48.916672619047624,246540.03000000003,15,37500.0,284040.03,22.54285952380953,348.77649976841894,27.680674584795156,5.564753582235426,25813.040000000037,8.33073559671364,73.27173857815066,-3.9036917706271046
D,2026-03-09,"Semanal, previsión ML",126,12600.0,5040.0,48.36419444444445,243755.54000000004,15,37500.0,281255.54000000004,22.32186825396826,345.64687531699406,27.43229169182492,3.957501749973744,28597.530000000028,9.229384107764377,81.17566711014355,-4.765978524826419
O,2026-03-09,Oráculo semanal,126,12600.0,5040.0,47.544420634920634,239623.88,14,35000.0,274623.88,21.79554603174603,345.7578424204512,27.441098604797716,2.2505970001220703,35229.19000000006,11.369643683052765,100.0,-4.735404420825096
A,2026-03-16,Horario fijo (mes anterior),126,12600.0,5040.0,20.922847222222224,105451.15,14,35000.0,140451.15000000002,11.146916666666668,282.02273174295175,22.38275648753585,0.966075582895428,0.0,0.0,0.0,0.0
B,2026-03-16,Paradas en horas caras,126,12600.0,5040.0,21.180170634920636,106748.06,14,35000.0,141748.06,11.249846031746031,281.46973368874535,22.33886775307503,2.623721126001328,-1296.9099999999744,-0.9233886657389236,-14.448351080303327,-0.1960827947409704
OD,2026-03-16,Óptimo diario,126,12600.0,5040.0,20.52884523809524,103465.38,14,35000.0,138465.38,10.989315873015874,281.7988941770807,22.36499160135561,2.676964122336358,1985.7700000000184,1.4138510079839277,22.12266242432765,-0.0793686255316061
C,2026-03-16,"Semanal, previsión ingenua",126,12600.0,5040.0,20.415896825396825,102896.12,15,37500.0,140396.12,11.142549206349203,280.2455485956825,22.24171020600655,11.378844250459224,55.03000000002794,0.0391808824634244,0.6130670285135525,-0.6301559935562362
L,2026-03-16,"Semanal, previsión LEAR",126,12600.0,5040.0,20.119341269841268,101401.48,13,32500.0,133901.47999999998,10.627101587301588,281.75704676350074,22.361670378055617,3.886921291705221,6549.670000000042,4.663308203599644,72.96723104928851,-0.0942069377915189
D,2026-03-16,"Semanal, previsión ML",126,12600.0,5040.0,20.19688888888889,101792.32,14,35000.0,136792.32,10.856533333333331,281.2715193459452,22.3231364560274,5.2076378762722015,3658.830000000016,2.6050552095871167,40.761548899420546,-0.2663659033312449
O,2026-03-16,Oráculo semanal,126,12600.0,5040.0,19.637890873015873,98974.97,13,32500.0,131474.97,10.43452142857143,280.0387724712498,22.225299402480143,7.45247570797801,8976.180000000022,6.390962266951905,100.0,-0.7034749502072835
A,2026-03-23,Horario fijo (mes anterior),126,12600.0,5040.0,8.679410714285714,43744.23,14,35000.0,78744.23,6.249542063492063,280.9122309822949,22.29462150653134,1.1729945410043,0.0,0.0,0.0,0.0
B,2026-03-23,Paradas en horas caras,126,12600.0,5040.0,8.810289682539679,44403.859999999986,14,35000.0,79403.85999999999,6.30189365079365,279.1859484786172,22.15761495862041,3.021868626587093,-659.6299999999901,-0.8376867740023493,-3.4043925814866967,-0.6145273552672359
OD,2026-03-23,Óptimo diario,126,12600.0,5040.0,8.17910119047619,41222.67,14,35000.0,76222.67,6.049418253968254,281.1422436236783,22.31287647806971,2.7696326235309243,2521.5599999999977,3.202215578208077,13.013932292002664,0.0818806075403522
C,2026-03-23,"Semanal, previsión ingenua",126,12600.0,5040.0,9.0517876984127,45621.01,14,35000.0,80621.01000000001,6.398492857142858,273.740997253754,21.72547597252016,15.334931624587623,-1876.7800000000136,-2.383387328823983,-9.686181509456429,-2.552837839585864
L,2026-03-23,"Semanal, previsión LEAR",126,12600.0,5040.0,7.909779761904762,39865.29,14,35000.0,74865.29000000001,5.941689682539683,277.1401134083117,21.995247095897756,7.420745123643428,3878.939999999988,4.925999022404547,20.01945721090939,-1.3428100160654544
D,2026-03-23,"Semanal, previsión ML",126,12600.0,5040.0,8.196220238095238,41308.95,14,35000.0,76308.95,6.056265873015873,277.1840725030633,21.99873591294153,11.289483291562648,2435.279999999999,3.0926456452745796,12.568635698562897,-1.3271613223087342
O,2026-03-23,Oráculo semanal,126,12600.0,5040.0,4.834996031746031,24368.379999999997,14,35000.0,59368.38,4.71177619047619,273.0570521197567,21.671194612679106,5.069088958203793,19375.85,24.60605685013365,100.0,-2.796310732028351
A,2026-03-30,Horario fijo (mes anterior),126,12600.0,5040.0,6.126238095238095,30876.24,14,35000.0,65876.23999999999,5.2282730158730155,303.06540275152656,24.05280974218465,0.9569197921082376,0.0,0.0,0.0,0.0
B,2026-03-30,Paradas en horas caras,126,12600.0,5040.0,5.9855238095238095,30167.04,14,35000.0,65167.04,5.1719873015873015,305.0853146959446,24.213120213963855,2.651001832447946,709.1999999999898,1.0765641754902675,6.734281690862957,0.6664937423009221
OD,2026-03-30,Óptimo diario,126,12600.0,5040.0,5.44118253968254,27423.56,14,35000.0,62423.56,4.954250793650793,303.9668680695256,24.12435460869251,3.195984333753586,3452.679999999993,5.241161304895352,32.78527877666244,0.2974491016838776
C,2026-03-30,"Semanal, previsión ingenua",126,12600.0,5040.0,5.154238095238095,25977.359999999997,13,32500.0,58477.36,4.641060317460317,295.2613317676803,23.433439029180978,6.836131248623133,7398.87999999999,11.231484978499063,70.25682757599093,-2.5750451595573765
L,2026-03-30,"Semanal, previsión LEAR",126,12600.0,5040.0,4.567146825396825,23018.42,13,32500.0,55518.42,4.4062238095238095,291.644850643434,23.146416717732855,8.955426124855876,10357.819999999992,15.72314995512797,98.35374729731404,-3.768345711653509
D,2026-03-30,"Semanal, previsión ML",126,12600.0,5040.0,4.798103174603175,24182.44,13,32500.0,56682.44,4.49860634920635,291.20810340303626,23.11175423833621,11.755683541297913,9193.799999999988,13.956169933195929,87.30067542224572,-3.9124556088679374
O,2026-03-30,Oráculo semanal,126,12600.0,5040.0,4.532748015873016,22845.05,13,32500.0,55345.05,4.392464285714286,292.43508223547883,23.20913351075229,4.0168885830789804,10531.189999999988,15.986325266894392,100.0,-3.5075994882738826
A,2026-04-06,Horario fijo (mes anterior),126,12600.0,5040.0,26.489039682539683,133504.76,14,35000.0,168504.76,13.373393650793652,335.4097875825009,26.61982441130959,1.223686625249684,0.0,0.0,0.0,0.0
B,2026-04-06,Paradas en horas caras,126,12600.0,5040.0,25.384003968253968,127935.38,14,35000.0,162935.38,12.931379365079366,328.22666126495176,26.049735021027917,4.676689083687961,5569.380000000005,3.3051766608848347,21.603725719286317,-2.141597110007498
OD,2026-04-06,Óptimo diario,126,12600.0,5040.0,24.59366666666667,123952.08000000002,14,35000.0,158952.08000000002,12.615244444444446,330.25849576813226,26.210991727629544,3.171791750472039,9552.679999999991,5.669086143323187,37.05501844085189,-1.53582036215969
C,2026-04-06,"Semanal, previsión ingenua",126,12600.0,5040.0,25.966658730158738,130871.96000000002,14,35000.0,165871.96000000002,13.164441269841271,323.6039702841465,25.68285478445607,10.9417194603011,2632.7999999999884,1.5624484435929218,10.21267880333838,-3.5198189603964702
L,2026-04-06,"Semanal, previsión LEAR",126,12600.0,5040.0,23.4516626984127,118196.38,13,32500.0,150696.38,11.96003015873016,325.1690960271525,25.807071113266073,8.782337164971977,17808.380000000005,10.56847296183206,69.0790280111653,-3.053188050700373
D,2026-04-06,"Semanal, previsión ML",126,12600.0,5040.0,22.54903373015873,113647.13,14,35000.0,148647.13,11.79739126984127,319.46443749506045,25.35432043611591,6.410149999894202,19857.630000000005,11.784610713667677,77.02810581340674,-4.753990693702804
O,2026-04-06,Oráculo semanal,126,12600.0,5040.0,21.870047619047615,110225.03999999998,13,32500.0,142725.03999999998,11.327384126984123,322.5573170963228,25.599787071136728,1.0157000832259655,25779.72000000003,15.299104903624103,100.0,-3.8318710311984527
A,2026-04-13,Horario fijo (mes anterior),126,12600.0,5040.0,37.398319444444446,188487.53,14,35000.0,223487.53,17.737105555555555,367.03921018397966,29.130096046347592,0.98208300024271,0.0,0.0,0.0,0.0
B,2026-04-13,Paradas en horas caras,126,12600.0,5040.0,37.93301984126984,191182.42,14,35000.0,226182.42,17.950985714285714,366.441738031763,29.082677621568493,2.610756667330861,-2694.889999999985,-1.2058346163653897,-12.467672942241023,-0.1627815600183879
OD,2026-04-13,Óptimo diario,126,12600.0,5040.0,36.06074404761905,181746.15,14,35000.0,216746.15,17.2020753968254,364.46588165039054,28.92586362304687,2.5198814156465232,6741.379999999976,3.016445705046709,31.18840509978699,-0.7011045311205888
C,2026-04-13,"Semanal, previsión ingenua",126,12600.0,5040.0,35.32214285714286,178023.6,14,35000.0,213023.6,16.90663492063492,359.4414365029618,28.527098135155697,5.665140958037227,10463.929999999991,4.6821091091749025,48.41045717283629,-2.070016900158833
L,2026-04-13,"Semanal, previsión LEAR",126,12600.0,5040.0,34.65042261904762,174638.13,14,35000.0,209638.13,16.637946825396824,358.0831062108066,28.419294143714808,6.713031375780702,13849.399999999994,6.196945306075912,64.073038100358,-2.4400946069723206
D,2026-04-13,"Semanal, previsión ML",126,12600.0,5040.0,36.616283730158734,184546.07,14,35000.0,219546.07,17.42429126984127,360.5398576702599,28.6142744182746,9.519285914488137,3941.459999999992,1.763615177992254,18.23482004643065,-1.7707515528005535
O,2026-04-13,Oráculo semanal,126,12600.0,5040.0,33.60565674603175,169372.51,13,32500.0,201872.51,16.021627777777777,349.3334842471489,27.72487970215467,2.4569002920761704,21615.01999999999,9.67168951216204,100.0,-4.823933096400168
A,2026-04-20,Horario fijo (mes anterior),126,12600.0,5040.0,40.80592063492064,205661.84000000003,14,35000.0,240661.84000000003,19.100146031746032,335.916250485766,26.6600198798227,0.96917779231444,0.0,0.0,0.0,0.0
B,2026-04-20,Paradas en horas caras,126,12600.0,5040.0,41.15430555555556,207417.7,16,40000.0,247417.7,19.6363253968254,335.59385034184515,26.634432566813107,3.118009916972369,-6755.859999999986,-2.807200343851765,-51.168236863252254,-0.0959763463228235
OD,2026-04-20,Óptimo diario,126,12600.0,5040.0,39.22109523809524,197674.32,14,35000.0,232674.32,18.466215873015873,334.5871826602727,26.554538306370848,2.7507987497374415,7987.520000000019,3.318980690914695,60.49671178946373,-0.3956545191164062
C,2026-04-20,"Semanal, previsión ingenua",126,12600.0,5040.0,39.22165674603175,197677.15,13,32500.0,230177.15,18.268027777777775,340.5102209380592,27.024620709369778,11.418823124840856,10484.690000000031,4.356606764080268,79.41003830123404,1.3675939897667575
L,2026-04-20,"Semanal, previsión LEAR",126,12600.0,5040.0,39.014466269841265,196632.90999999997,14,35000.0,231632.90999999997,18.38356428571428,337.9916826038611,26.82473671459215,8.01314466772601,9028.930000000051,3.75170820600393,68.38425142938542,0.6178421303208115
D,2026-04-20,"Semanal, previsión ML",126,12600.0,5040.0,39.16695436507936,197401.45,14,35000.0,232401.45,18.444559523809524,335.16963504507714,26.60076468611723,15.421970501542091,8260.390000000043,3.4323638512861208,62.56340304607309,-0.2222623762944464
O,2026-04-20,Oráculo semanal,126,12600.0,5040.0,38.68226388888889,194958.61,13,32500.0,227458.61,18.052270634920635,334.0461534362863,26.51159947907034,2.896791915874928,13203.23000000001,5.486216676478501,100.0,-0.5567152666104525
A,2026-04-27,Horario fijo (mes anterior),126,12600.0,5040.0,45.0175119047619,226888.26,14,35000.0,261888.26,20.784782539682546,381.0195950059754,30.23965039729963,1.1640899581834674,0.0,0.0,0.0,0.0
B,2026-04-27,Paradas en horas caras,126,12600.0,5040.0,45.136609126984126,227488.51,14,35000.0,262488.51,20.83242142857143,380.78982338881514,30.22141455466787,3.174899083096534,-600.25,-0.2292008049539906,-4.264414288647376,-0.060304409582057
OD,2026-04-27,Óptimo diario,126,12600.0,5040.0,43.64360317460318,219963.76,14,35000.0,254963.76,20.235219047619047,375.40347725862114,29.79392676655723,2.2330338773317635,6924.5,2.644066595425087,49.19439690418784,-1.4739708458474945
C,2026-04-27,"Semanal, previsión ingenua",126,12600.0,5040.0,43.69799801587302,220237.91,14,35000.0,255237.91,20.256976984126982,369.09893766452274,29.293566481311327,7.705365751404315,6650.350000000006,2.5393845451491432,47.24672647148038,-3.1286205480496987
L,2026-04-27,"Semanal, previsión LEAR",126,12600.0,5040.0,43.102126984126976,217234.71999999997,14,35000.0,252234.71999999997,20.018628571428568,374.95098471907994,29.75801466024444,8.328346874099225,9653.540000000035,3.686129343865982,68.58258044486321,-1.592729184125108
D,2026-04-27,"Semanal, previsión ML",126,12600.0,5040.0,43.60688492063492,219778.7,14,35000.0,254778.7,20.220531746031742,376.2859913577717,29.86396756807711,16.911420959047973,7109.560000000027,2.7147303204809665,50.50913660973919,-1.2423517609716497
O,2026-04-27,Oráculo semanal,126,12600.0,5040.0,42.72072817460317,215312.46999999997,13,32500.0,247812.46999999997,19.667656349206347,367.0711625248398,29.132631946415856,1.878912125248462,14075.790000000035,5.374731192608648,100.0,-3.66081762301933
A,2026-05-04,Horario fijo (mes anterior),126,12600.0,5040.0,45.91645833333334,231418.95,14,35000.0,266418.95,21.144361111111113,401.82641476000026,31.89098529841272,1.4587039579637349,0.0,0.0,0.0,0.0
B,2026-05-04,Paradas en horas caras,126,12600.0,5040.0,48.944202380952376,246678.77999999997,17,42500.0,289178.77999999997,22.95069682539682,405.2558400077627,32.16316190537799,3.090905833989382,-22759.82999999996,-8.542872044199543,-145.16697515942278,0.8534593848965155
OD,2026-05-04,Óptimo diario,126,12600.0,5040.0,45.43364880952382,228985.59000000003,14,35000.0,263985.59,20.951237301587305,402.3449111072971,31.93213580216644,2.3476922907866538,2433.359999999986,0.913358452917852,15.520481070110437,0.1290349086698228
C,2026-05-04,"Semanal, previsión ingenua",126,12600.0,5040.0,42.937,216402.48,15,37500.0,253902.48,20.150990476190476,385.455940004911,30.59174127023103,16.166638458613306,12516.47000000003,4.69804043593747,79.83267403902701,-4.074016578742567
L,2026-05-04,"Semanal, previsión LEAR",126,12600.0,5040.0,45.06237301587302,227114.36000000004,13,32500.0,259614.36000000004,20.60431428571429,397.2851621590193,31.530568425318993,11.141503291204572,6804.589999999967,2.55409384354978,43.401103940585394,-1.1301528307175457
D,2026-05-04,"Semanal, previsión ML",126,12600.0,5040.0,44.23243253968254,222931.46,14,35000.0,257931.46,20.470750793650794,388.8619373944938,30.86205852337252,13.041351083666086,8487.48999999999,3.185768129481777,54.1349935388731,-3.2263875368297557
O,2026-05-04,Oráculo semanal,126,12600.0,5040.0,42.80566865079365,215740.57,14,35000.0,250740.57,19.900045238095235,384.8924503220553,30.547019866829785,3.4028129591606557,15678.380000000034,5.884859166361864,100.0,-4.214248694441636
A,2026-05-11,Horario fijo (mes anterior),126,12600.0,5040.0,37.08622023809524,186914.55,14,35000.0,221914.55,17.612265873015872,382.15900249594773,30.330079563170457,1.2043159580789506,0.0,0.0,0.0,0.0
B,2026-05-11,Paradas en horas caras,126,12600.0,5040.0,38.248289682539685,192771.38,14,35000.0,227771.38,18.07709365079365,380.52326156426153,30.20025885430647,2.969572708941996,-5856.830000000016,-2.6392275765604447,-43.96435308521331,-0.4280262720498196
OD,2026-05-11,Óptimo diario,126,12600.0,5040.0,36.804730158730166,185495.84000000003,14,35000.0,220495.84000000003,17.499669841269842,380.6453183645883,30.209945901951453,2.193207209929824,1418.7099999999627,0.63930463324733,10.64956083163096,-0.3960875241648787
C,2026-05-11,"Semanal, previsión ingenua",126,12600.0,5040.0,36.01311507936508,181506.1,14,35000.0,216506.1,17.18302380952381,376.7280715060765,29.899053294133054,27.46757241524756,5408.4499999999825,2.437176832253668,40.59858412207978,-1.4211181613937862
L,2026-05-11,"Semanal, previsión LEAR",126,12600.0,5040.0,35.15174801587302,177164.81,13,32500.0,209664.81,16.640064285714285,371.61432054073657,29.4932000429156,7.617493043653667,12249.73999999999,5.520025613462475,91.9527960623851,-2.7592394491146366
D,2026-05-11,"Semanal, previsión ML",126,12600.0,5040.0,36.67287896825397,184831.31,14,35000.0,219831.31,17.446929365079367,380.7578332060681,30.218875651275244,8.843698708806187,2083.2399999999907,0.9387577335510406,15.637861935763734,-0.3666456319825983
O,2026-05-11,Oráculo semanal,126,12600.0,5040.0,34.93904365079365,176092.78,13,32500.0,208592.78,16.55498253968254,372.9941352844937,29.60270914956299,4.1248019160702825,13321.76999999999,6.003107953038677,100.0,-2.3981816865746075
A,2026-05-18,Horario fijo (mes anterior),126,12600.0,5040.0,35.17905753968254,177302.45,14,35000.0,212302.45,16.849400793650794,364.3963550860806,28.920345641752427,1.5640204157680273,0.0,0.0,0.0,0.0
B,2026-05-18,Paradas en horas caras,126,12600.0,5040.0,36.071103174603174,181798.36,17,42500.0,224298.36,17.801457142857142,360.765121865027,28.6321525289704,3.670408583246171,-11995.909999999974,-5.650386983287274,-108.76756968484678,-0.9965064607179608
OD,2026-05-18,Óptimo diario,126,12600.0,5040.0,35.08059325396825,176806.19,14,35000.0,211806.19,16.81001507936508,363.17604920654935,28.82349596877376,2.7758865007199347,496.2600000000093,0.2337514239708535,4.499616463594941,-0.3348842167323451
C,2026-05-18,"Semanal, previsión ingenua",126,12600.0,5040.0,33.26575992063493,167659.43000000002,14,35000.0,202659.43,16.08408174603175,354.6228012014337,28.14466676201855,15.765957249794155,9643.01999999999,4.542114327931679,87.4337878345513,-2.682121746892363
L,2026-05-18,"Semanal, previsión LEAR",126,12600.0,5040.0,33.33085119047619,167987.49,14,35000.0,202987.49,16.110118253968253,356.6450054490955,28.305159162626627,10.897952497936783,9314.96000000002,4.387589497907358,84.45924993698392,-2.1271754035942503
D,2026-05-18,"Semanal, previsión ML",126,12600.0,5040.0,33.692551587301594,169810.46000000002,13,32500.0,202310.46,16.056385714285717,361.07370420183406,28.65664319062175,6.927315667737275,9991.98999999999,4.706488314195145,90.59791784160548,-0.9118233039025924
O,2026-05-18,Oráculo semanal,126,12600.0,5040.0,32.99077579365079,166273.50999999998,14,35000.0,201273.51,15.974088095238091,355.3468566850614,28.202131482941383,1.366048874799162,11028.940000000031,5.19491885279705,100.0,-2.4834217671802494
A,2026-05-25,Horario fijo (mes anterior),126,12600.0,5040.0,46.312408730158715,233414.53999999992,14,35000.0,268414.5399999999,21.302741269841263,385.65917411120984,30.607870961207126,1.0577578330412507,0.0,0.0,0.0,0.0
B,2026-05-25,Paradas en horas caras,126,12600.0,5040.0,48.20022023809524,242929.11,20,50000.0,292929.11,23.248342063492064,377.63279096465766,29.97085642576648,3.4773247903212905,-24514.570000000065,-9.133100613700016,-158.53972746080476,-2.081211516632475
OD,2026-05-25,Óptimo diario,126,12600.0,5040.0,46.26084325396825,233154.64999999997,14,35000.0,268154.64999999997,21.282115079365077,385.12069046586146,30.56513416395726,2.8979994584806263,259.88999999995576,0.0968241139246613,1.6807510704769215,-0.139626821166483
C,2026-05-25,"Semanal, previsión ingenua",126,12600.0,5040.0,43.878146825396826,221145.86,14,35000.0,256145.86,20.329036507936507,372.66960024957416,29.576952400759858,5.70521879196167,12268.679999999937,4.5707956059310115,79.34355705622454,-3.368148545038885
L,2026-05-25,"Semanal, previsión LEAR",126,12600.0,5040.0,44.2187003968254,222862.25,13,32500.0,255362.25,20.26684523809524,375.4419315845049,29.79697869718293,8.509832875337452,13052.28999999992,4.8627358264570635,84.41129089106475,-2.6492932652909307
D,2026-05-25,"Semanal, previsión ML",126,12600.0,5040.0,44.0989623015873,222258.77,14,35000.0,257258.77,20.4173626984127,375.2039330122575,29.778089921607737,10.049927625339478,11155.769999999931,4.1561720166127865,72.14618634613645,-2.711005416388057
O,2026-05-25,Oráculo semanal,126,12600.0,5040.0,43.244406746031736,217951.8099999999,14,35000.0,252951.8099999999,20.075540476190472,364.746362869716,28.948124037279047,5.6785814156755805,15462.72999999998,5.760764673925633,100.0,-5.422614745179988
A,2026-06-01,Horario fijo (mes anterior),126,12600.0,5040.0,45.53196825396825,229481.12,14,35000.0,264481.12,20.99056507936508,334.68864492471835,26.56259086704114,1.2138927499763668,0.0,0.0,0.0,0.0
B,2026-06-01,Paradas en horas caras,126,12600.0,5040.0,44.15317658730158,222532.01,18,45000.0,267532.01,21.232699206349206,324.138436909097,25.72527277056325,12.884309956338257,-3050.890000000014,-1.153537916052387,-16.800351107508586,-3.152245579766954
OD,2026-06-01,Óptimo diario,126,12600.0,5040.0,44.60722619047618,224820.41999999995,15,37500.0,262320.4199999999,20.819080952380947,332.6303729916515,26.39923595171837,8.3509311247617,2160.70000000007,0.8169581254042141,11.89833741563767,-0.6149811068522637
C,2026-06-01,"Semanal, previsión ingenua",126,12600.0,5040.0,43.94160515873016,221465.69,14,35000.0,256465.69,20.35441984126984,324.9338854962643,25.788403610814623,19.71923987613991,8015.429999999993,3.030624643452808,44.13860816930693,-2.9145773471484837
L,2026-06-01,"Semanal, previsión LEAR",126,12600.0,5040.0,42.63450396825397,214877.9,14,35000.0,249877.9,19.831579365079367,328.70995625183065,26.0880917660183,15.624202418141069,14603.219999999972,5.521460284197214,80.41562406386004,-1.7863434459309158
D,2026-06-01,"Semanal, previsión ML",126,12600.0,5040.0,43.02908730158731,216866.60000000003,14,35000.0,251866.60000000003,19.9894126984127,324.2453729124885,25.733759754959408,9.988200997933744,12614.51999999996,4.769535156233443,69.46443990202451,-3.1202946889873906
O,2026-06-01,Oráculo semanal,126,12600.0,5040.0,42.42488888888889,213821.44,13,32500.0,246321.44,19.549320634920637,322.59033539001683,25.602407570636256,1.267675583716482,18159.679999999993,6.8661536218539885,100.0,-3.614795338342835
A,2026-06-08,Horario fijo (mes anterior),126,12600.0,5040.0,33.344904761904765,168058.32,14,35000.0,203058.32,16.115739682539683,288.674931352381,22.910708837490557,1.5285800001583991,0.0,0.0,0.0,0.0
B,2026-06-08,Paradas en horas caras,126,12600.0,5040.0,32.16629960317461,162118.15000000002,20,50000.0,212118.15,16.83477380952381,280.86339881884294,22.290745938003408,5.579547250177711,-9059.830000000016,-4.461688641962573,-52.663203773220886,-2.705996151776213
OD,2026-06-08,Óptimo diario,126,12600.0,5040.0,33.477259920634914,168725.38999999998,15,37500.0,206225.39,16.367094444444444,287.461680861864,22.814419116020954,5.336812125518918,-3167.069999999978,-1.5596849220460298,-18.409622782552564,-0.4202825942776433
C,2026-06-08,"Semanal, previsión ingenua",126,12600.0,5040.0,30.955474206349205,156015.59,14,35000.0,191015.59,15.15996746031746,278.81146006560124,22.127893656000097,25.092165917623788,12042.73000000001,5.930675482787413,70.00227862728988,-3.416809087152628
L,2026-06-08,"Semanal, previsión LEAR",126,12600.0,5040.0,30.96715873015873,156074.47999999998,13,32500.0,188574.48,14.96622857142857,276.5825434375237,21.95099551091458,5.569509000517428,14483.840000000026,7.132847351440722,84.19202317689489,-4.188928999898611
D,2026-06-08,"Semanal, previsión ML",126,12600.0,5040.0,32.70388888888889,164827.6,15,37500.0,202327.6,16.05774603174603,277.0558398698567,21.9885587198299,17.98797866748646,730.7200000000012,0.359857207525405,4.247547278609859,-4.024974190897468
O,2026-06-08,Oráculo semanal,126,12600.0,5040.0,29.931543650793653,150854.98,14,35000.0,185854.98,14.75039523809524,274.53754647345664,21.788694164560052,5.278265458066016,17203.339999999997,8.472117764000014,100.0,-4.897337227272802
A,2026-06-15,Horario fijo (mes anterior),126,12600.0,5040.0,68.91469047619049,347330.04000000004,14,35000.0,382330.04,30.34365396825397,420.98003407214213,33.41111381524938,1.2544811670668423,0.0,0.0,0.0,0.0
B,2026-06-15,Paradas en horas caras,126,12600.0,5040.0,70.52619047619048,355452.0,14,35000.0,390452.0,30.988253968253968,421.25108928220783,33.432626133508556,3.7514889175072312,-8121.959999999963,-2.1243321607687333,-207.86257764173476,0.0643867138884868
OD,2026-06-15,Óptimo diario,126,12600.0,5040.0,69.10856150793651,348307.15,14,35000.0,383307.15,30.421202380952383,420.7214681370087,33.3905927092864,4.507927498780191,-977.109999999986,-0.2555671534467932,-25.006846037103543,-0.0614199995739306
C,2026-06-15,"Semanal, previsión ingenua",126,12600.0,5040.0,70.05885119047619,353096.61,13,32500.0,385596.61,30.602905555555555,419.5643655354492,33.2987591694801,19.662793123628944,-3266.569999999949,-0.8543848660178386,-83.60022214430433,-0.3362792584244767
L,2026-06-15,"Semanal, previsión LEAR",126,12600.0,5040.0,69.190373015873,348719.48,13,32500.0,381219.48,30.255514285714284,412.9404798031207,32.773053952628636,11.772898999974132,1110.560000000056,0.2904715517514804,28.42218679060444,-1.9097234116437156
D,2026-06-15,"Semanal, previsión ML",126,12600.0,5040.0,69.00315277777777,347775.88999999996,14,35000.0,382775.89,30.37903888888889,419.20633124722144,33.27034374977948,10.78399908496067,-445.8499999999185,-0.1166139077117556,-11.410488384768076,-0.42132706574316
O,2026-06-15,Oráculo semanal,126,12600.0,5040.0,68.13941865079364,343422.67,14,35000.0,378422.67,30.033545238095236,416.6707128311001,33.06910419294445,3.4843045002780855,3907.3700000000536,1.0219887508708585,100.0,-1.023640289863137
A,2026-06-22,Horario fijo (mes anterior),126,12600.0,5040.0,73.9117996031746,372515.47,14,35000.0,407515.47,32.34249761904762,479.3215149961846,38.041390079062275,1.371376916766167,0.0,0.0,0.0,0.0
B,2026-06-22,Paradas en horas caras,126,12600.0,5040.0,75.94790674603175,382777.45,15,37500.0,420277.45,33.355353174603174,477.09184931286256,37.86443248514782,2.9058317076414824,-12761.98000000004,-3.1316553455013723,-370.91339237188606,-0.4651712083776904
OD,2026-06-22,Óptimo diario,126,12600.0,5040.0,74.37434722222223,374846.71,14,35000.0,409846.71,32.52751666666667,486.09627936758386,38.57906979107808,3.059517916291952,-2331.240000000049,-0.5720617182950255,-67.755014255864,1.413407109725329
C,2026-06-22,"Semanal, previsión ingenua",126,12600.0,5040.0,73.49863690476191,370433.13,14,35000.0,405433.13,32.17723253968254,472.6993227327818,37.51581926450649,17.00126591557637,2082.3399999999674,0.5109842823880938,60.521000148226115,-1.381576260655748
L,2026-06-22,"Semanal, previsión LEAR",126,12600.0,5040.0,73.87076388888889,372308.65,13,32500.0,404808.65,32.127670634920634,469.5614427145802,37.26678116782383,5.876450751442462,2706.819999999949,0.6642250906450126,78.67084799851172,-2.0362266195545375
D,2026-06-22,"Semanal, previsión ML",126,12600.0,5040.0,74.08951587301588,373411.16,14,35000.0,408411.16,32.41358412698413,468.86195855496345,37.211266551981225,25.359366956166923,-895.6900000000605,-0.2197928829548631,-26.032278409274745,-2.182158762747044
O,2026-06-22,Oráculo semanal,126,12600.0,5040.0,73.72515476190476,371574.78,13,32500.0,404074.78,32.069426984126984,470.26957119883673,37.32298184117752,6.383678957819939,3440.689999999944,0.8443090516293638,100.0,-1.8884910261998011
A,2026-06-29,Horario fijo (mes anterior),126,12600.0,5040.0,51.06850198412697,257385.2499999999,14,35000.0,292385.2499999999,23.20517857142856,325.5345584570454,25.836076068019477,1.1993096666410563,0.0,0.0,0.0,0.0
B,2026-06-29,Paradas en horas caras,126,12600.0,5040.0,52.51956349206347,264698.5999999999,14,35000.0,299698.5999999999,23.785603174603168,327.5906905911795,25.999261158030123,5.53554712375626,-7313.350000000035,-2.501271866484386,-49.08562020568979,0.6316171603652831
OD,2026-06-29,Óptimo diario,126,12600.0,5040.0,51.61756944444444,260152.55,14,35000.0,295152.55,23.424805555555555,331.466553884458,26.306869355909363,3.1456339983269572,-2767.300000000105,-0.946456772357739,-18.573517853679892,1.8222321634694616
C,2026-06-29,"Semanal, previsión ingenua",126,12600.0,5040.0,50.50168849206348,254528.50999999995,15,37500.0,292028.50999999995,23.17686587301587,334.11270364245297,26.51688124146452,16.55494758253917,356.7399999999325,0.1220102587254085,2.394361565106877,2.635095095914197
L,2026-06-29,"Semanal, previsión LEAR",126,12600.0,5040.0,48.899732142857125,246454.6499999999,13,32500.0,278954.6499999999,22.139257936507928,316.56432168923453,25.12415251501861,5.891573541332036,13430.599999999977,4.593460169416884,90.14327643754682,-2.755540551616898
D,2026-06-29,"Semanal, previsión ML",126,12600.0,5040.0,48.58630952380952,244874.99999999997,14,35000.0,279875.0,22.21230158730159,315.6776223831901,25.053779554221435,7.759846332948655,12510.249999999884,4.278687108874298,83.96608670147361,-3.027923093810614
O,2026-06-29,Oráculo semanal,126,12600.0,5040.0,48.11231746031745,242486.07999999996,14,35000.0,277486.07999999996,22.02270476190476,313.7503299057032,24.900819833785967,3.7367507917806506,14899.169999999924,5.095732428362898,100.0,-3.6199623803987446
A,2026-07-06,Horario fijo (mes anterior),126,12600.0,5040.0,89.73440277777777,452261.39,14,35000.0,487261.39,38.67153888888889,468.96708525395314,37.21960994078993,2.3261787919327617,0.0,0.0,0.0,0.0
B,2026-07-06,Paradas en horas caras,126,12600.0,5040.0,90.14165674603174,454313.9499999999,16,40000.0,494313.9499999999,39.23126587301587,477.63626230068553,37.907639865133774,3.6671206671744585,-7052.5599999999395,-1.44738740740364,-78.21915817936312,1.84856833652578
OD,2026-07-06,Óptimo diario,126,12600.0,5040.0,88.94336904761906,448274.58,14,35000.0,483274.58,38.3551253968254,476.252426896909,37.79781165848485,3.280383124947548,3986.8099999999977,0.8182076564695588,44.21726607374757,1.5534867738128844
C,2026-07-06,"Semanal, previsión ingenua",126,12600.0,5040.0,90.6282361111111,456766.30999999994,14,35000.0,491766.30999999994,39.02907222222222,466.875278929975,37.05359356587103,6.32018170831725,-4504.9199999999255,-0.9245386752272584,-49.96356643054064,-0.4460454453526052
L,2026-07-06,"Semanal, previsión LEAR",126,12600.0,5040.0,89.80395634920635,452611.93999999994,14,35000.0,487611.93999999994,38.69936031746031,460.83393460063905,36.57412179370151,5.99791554082185,-350.54999999993015,-0.0719429052238122,-3.8879110421989336,-1.7342689730367455
D,2026-07-06,"Semanal, previsión ML",126,12600.0,5040.0,91.00262698412698,458653.24,14,35000.0,493653.24,39.17882857142857,468.74552742707095,37.20202598627547,6.089590959716588,-6391.849999999977,-1.3117907823560526,-70.89129709052665,-0.0472437904170175
O,2026-07-06,Oráculo semanal,126,12600.0,5040.0,88.44146428571428,445744.98,13,32500.0,478244.98,37.95595079365079,459.5523895274043,36.47241186725431,2.0962296673096716,9016.410000000033,1.850425702721907,100.0,-2.0075386999602873
A,2026-07-13,Horario fijo (mes anterior),126,12600.0,5040.0,108.51572817460318,546919.27,14,35000.0,581919.27,46.18406904761905,529.4494612358134,42.019798510778834,1.2103423341177404,0.0,0.0,0.0,0.0
B,2026-07-13,Paradas en horas caras,126,12600.0,5040.0,109.67242857142858,552749.04,15,37500.0,590249.04,46.84516190476191,540.5715145475692,42.90250115456899,4.783199748955667,-8329.770000000019,-1.431430514407955,-73.90962546394474,2.10068271403947
OD,2026-07-13,Óptimo diario,126,12600.0,5040.0,107.61190277777776,542363.99,14,35000.0,577363.99,45.822538888888886,533.8788082414171,42.37133398741406,2.846883958671242,4555.280000000028,0.7828027416930234,40.41876770707949,0.8365948650254529
C,2026-07-13,"Semanal, previsión ingenua",126,12600.0,5040.0,107.61265476190476,542367.78,14,35000.0,577367.78,45.82283968253969,503.4023770024751,39.95256960337104,10.178300166502597,4551.489999999991,0.7821514486021387,40.385139229881304,-4.919654497813742
L,2026-07-13,"Semanal, previsión LEAR",126,12600.0,5040.0,108.07637301587305,544704.92,14,35000.0,579704.92,46.00832698412699,510.03809626741554,40.47921398947742,7.68211054103449,2214.3499999999767,0.3805252917642642,19.64781490318267,-3.6663301012883953
D,2026-07-13,"Semanal, previsión ML",126,12600.0,5040.0,110.02359325396824,554518.9099999999,14,35000.0,589518.9099999999,46.78721507936507,503.5270845247847,39.96246702577657,12.564604124985635,-7599.639999999898,-1.305961220359638,-67.43121911659075,-4.896100309654095
O,2026-07-13,Oráculo semanal,126,12600.0,5040.0,106.77560714285715,538149.06,13,32500.0,570649.06,45.28960793650794,530.3867566502869,42.09418703573705,1.8552340413443744,11270.209999999965,1.936730845843954,100.0,0.177032083909534
A,2026-07-20,Horario fijo (mes anterior),126,12600.0,5040.0,101.18394246031748,509967.07000000007,14,35000.0,544967.0700000001,43.25135476190477,462.82308282863926,36.73199070068566,1.4819753328338263,0.0,0.0,0.0,0.0
B,2026-07-20,Paradas en horas caras,126,12600.0,5040.0,102.458001984127,516388.33,15,37500.0,553888.3300000001,43.95939126984128,472.59874850915435,37.50783718326622,3.666614707559347,-8921.26000000001,-1.637027352863726,-66.8325758296518,2.1121819639524197
OD,2026-07-20,Óptimo diario,126,12600.0,5040.0,100.46590674603172,506348.1699999999,15,37500.0,543848.1699999999,43.16255317460317,465.4451753641841,36.94009328287175,2.8347550416365266,1118.9000000001397,0.2053151578498384,8.382108479722222,0.5665431636467488
C,2026-07-20,"Semanal, previsión ingenua",126,12600.0,5040.0,99.47416865079364,501349.81,15,37500.0,538849.81,42.76585793650794,453.98327634746227,36.0304187577351,12.21545825060457,6117.260000000009,1.1225008512899703,45.8267377948514,-1.909975281948062
L,2026-07-20,"Semanal, previsión LEAR",126,12600.0,5040.0,100.4402261904762,506218.7400000001,14,35000.0,541218.74,42.95386825396825,457.5046632118545,36.30989390570274,6.050461124628782,3748.3300000000745,0.6878085312567738,28.08017577781204,-1.1491258353581224
D,2026-07-20,"Semanal, previsión ML",126,12600.0,5040.0,98.95397817460317,498728.04999999993,14,35000.0,533728.0499999999,42.35936904761904,442.7910741805689,35.142148744489596,4.865016749594361,11239.020000000137,2.062330114735214,84.1958037767066,-4.328221601576265
O,2026-07-20,Oráculo semanal,126,12600.0,5040.0,99.03142857142858,499118.4,13,32500.0,531618.4,42.19193650793651,440.0355172937624,34.923453753473204,3.1457711248658597,13348.670000000042,2.449445248132156,100.0,-4.923601777941999
A,2026-07-27,Horario fijo (mes anterior),126,12600.0,5040.0,101.13795833333334,509735.31000000006,14,35000.0,544735.31,43.23296111111112,467.26933866076354,37.08486814767964,1.1824773331172764,0.0,0.0,0.0,0.0
B,2026-07-27,Paradas en horas caras,126,12600.0,5040.0,101.5445496031746,511784.53,15,37500.0,549284.53,43.59401031746032,478.7906530401703,37.9992581777913,2.447357872966677,-4549.219999999972,-0.835124860916391,-23.95814242529547,2.4656688179943487
OD,2026-07-27,Óptimo diario,126,12600.0,5040.0,97.9355,493594.9199999999,14,35000.0,528594.9199999999,41.95197777777777,472.9940110292049,37.53920722454007,2.42978983419016,16140.39000000013,2.9629784784834543,85.00221190002249,1.2251333213621152
C,2026-07-27,"Semanal, previsión ingenua",126,12600.0,5040.0,98.2487380952381,495173.64,15,37500.0,532673.64,42.275685714285714,469.8958319933116,37.293319999469176,11.847917749080809,12061.670000000042,2.214225841170465,63.52192414236209,0.5620940890484816
L,2026-07-27,"Semanal, previsión LEAR",126,12600.0,5040.0,100.33668055555556,505696.87,14,35000.0,540696.87,42.91245,469.1323126313333,37.23272322470899,6.361663749907166,4038.440000000061,0.7413582203804744,21.2681560126818,0.39869381883888
D,2026-07-27,"Semanal, previsión ML",126,12600.0,5040.0,98.28584126984126,495360.64,15,37500.0,532860.6399999999,42.29052698412698,469.24120001330255,37.241365080420834,11.224027750547975,11874.670000000158,2.17989724220377,62.53710198965734,0.4219967349431863
O,2026-07-27,Oráculo semanal,126,12600.0,5040.0,97.86649007936508,493247.11,13,32500.0,525747.11,41.72596111111111,473.8766661142894,37.60925921541979,1.4206559169106183,18988.20000000007,3.485766325667427,100.0,1.414029748338086
A,2026-08-03,Horario fijo (mes anterior),126,12600.0,5040.0,102.74661507936509,517842.94000000006,14,35000.0,552842.9400000001,43.876423809523814,531.6514134435316,42.19455662250251,1.012937500141561,0.0,0.0,0.0,0.0
B,2026-08-03,Paradas en horas caras,126,12600.0,5040.0,107.01763095238096,539368.8600000001,16,40000.0,579368.8600000001,45.98165555555556,536.2613721960674,42.56042636476726,2.8844348746351898,-26525.92000000004,-4.798093288484436,-956.9407817601102,0.8671017580254237
OD,2026-08-03,Óptimo diario,126,12600.0,5040.0,102.71182936507938,517667.62000000005,14,35000.0,552667.6200000001,43.862509523809535,528.000989005358,41.90484039725063,2.389628584962338,175.31999999994878,0.0317124425971594,6.3247894081763505,-0.6866199065529988
C,2026-08-03,"Semanal, previsión ingenua",126,12600.0,5040.0,102.36141269841272,515901.52000000014,14,35000.0,550901.5200000001,43.72234285714287,522.876180687351,41.498109578361195,9.861250625457616,1941.4199999999255,0.3511702618468683,70.03805984955993,-1.6505613517216022
L,2026-08-03,"Semanal, previsión LEAR",126,12600.0,5040.0,103.33280952380952,520797.36,14,35000.0,555797.36,44.11090158730158,511.99913744458655,40.63485217814179,6.012233708519489,-2954.4199999999255,-0.5344049432918371,-106.58273056872784,-3.6964589018312455
D,2026-08-03,"Semanal, previsión ML",126,12600.0,5040.0,103.0781646825397,519513.95000000007,14,35000.0,554513.9500000001,44.00904365079366,525.4237889299928,41.700300708729586,15.448718207888303,-1671.0100000000093,-0.3022576357762675,-60.28283338443937,-1.1713736399574626
O,2026-08-03,Oráculo semanal,126,12600.0,5040.0,102.69265674603176,517570.9900000001,13,32500.0,550070.99,43.65642777777778,520.3223394414389,41.29542376519356,1.783186667133123,2771.95000000007,0.5013991858157888,100.0,-2.130921448833134
A,2026-08-10,Horario fijo (mes anterior),126,12600.0,5040.0,108.13505555555554,545000.6799999999,14,35000.0,580000.6799999999,46.0318,541.9354251963813,43.01074803145883,1.0593205001205206,0.0,0.0,0.0,0.0
B,2026-08-10,Paradas en horas caras,126,12600.0,5040.0,112.36240873015872,566306.54,17,42500.0,608806.54,48.31797936507937,550.1401466392333,43.66191639993915,2.5494110831059515,-28805.860000000102,-4.966521763388296,-1072.8719184485556,1.513966620631768
OD,2026-08-10,Óptimo diario,126,12600.0,5040.0,108.26760912698413,545668.75,14,35000.0,580668.75,46.08482142857143,541.830472854449,43.00241848051182,2.6668538339436054,-668.0700000000652,-0.1151843477149139,-24.882212944102132,-0.0193662080485435
C,2026-08-10,"Semanal, previsión ingenua",126,12600.0,5040.0,108.6285515873016,547487.9,15,37500.0,584987.9,46.42761111111111,537.0689145178299,42.62451702522459,11.174080792348832,-4987.2200000000885,-0.859864509124384,-185.74860424667347,-0.8979871867184075
L,2026-08-10,"Semanal, previsión LEAR",126,12600.0,5040.0,110.57186904761906,557282.2200000001,14,35000.0,592282.2200000001,47.0065253968254,520.7295132536736,41.32773914711695,6.140052750706673,-12281.540000000154,-2.117504413960369,-457.4249607997397,-3.912996079749398
D,2026-08-10,"Semanal, previsión ML",126,12600.0,5040.0,108.5984722222222,547336.2999999999,13,32500.0,579836.2999999999,46.01875396825396,530.3040603754359,42.087623839320315,12.68612216692418,164.38000000000466,0.0283413460825605,6.122319762526719,-2.14626397909502
O,2026-08-10,Oráculo semanal,126,12600.0,5040.0,108.0983630952381,544815.75,13,32500.0,577315.75,45.818710317460315,532.2961629191067,42.24572721580211,2.583438459318131,2684.929999999935,0.4629184227852862,100.0,-1.7786735889763317
A,2026-08-17,Horario fijo (mes anterior),126,12600.0,5040.0,100.26416865079364,505331.41,14,35000.0,540331.4099999999,42.883445238095234,448.82373083996333,35.620931019044704,1.0801251670345664,0.0,0.0,0.0,0.0
B,2026-08-17,Paradas en horas caras,126,12600.0,5040.0,102.15052777777775,514838.66,16,40000.0,554838.6599999999,44.03481428571427,451.10164880902215,35.8017181594462,2.142578375525773,-14507.25,-2.6848800072533265,-121.7011356172094,0.5075306434434212
OD,2026-08-17,Óptimo diario,126,12600.0,5040.0,99.58817857142856,501924.4199999999,14,35000.0,536924.4199999999,42.6130492063492,443.8830719326734,35.228815232751856,2.2558242101222277,3406.9899999999907,0.630537099444208,28.581195749468375,-1.1008016216173866
C,2026-08-17,"Semanal, previsión ingenua",126,12600.0,5040.0,99.38326587301589,500891.66,13,32500.0,533391.66,42.33267142857143,441.1748585804196,35.013877665112666,3.8103050417266786,6939.749999999884,1.2843506543511665,58.21747442826964,-1.7042040636374267
L,2026-08-17,"Semanal, previsión LEAR",126,12600.0,5040.0,98.4432896825397,496154.18000000005,14,35000.0,531154.18,42.15509365079365,433.9249617580998,34.43848902842062,12.412044251337647,9177.229999999863,1.6984446638036212,76.9876656720127,-3.319514557303116
D,2026-08-17,"Semanal, previsión ML",126,12600.0,5040.0,99.35884325396825,500768.56999999995,13,32500.0,533268.57,42.32290238095238,441.6513181465692,35.05169191639438,4.074024623725563,7062.839999999967,1.3071311179189025,59.25007487171223,-1.5980466719019315
O,2026-08-17,Oráculo semanal,126,12600.0,5040.0,97.89901190476192,493411.02000000014,14,35000.0,528411.0200000001,41.93738253968255,426.458380460605,33.84590321115912,1.119750624988228,11920.38999999978,2.2061256812739765,100.0,-4.9831033527354185
A,2026-08-24,Horario fijo (mes anterior),126,12600.0,5040.0,83.38538095238096,420262.32,14,35000.0,455262.32,36.13193015873016,367.91603133352726,29.199685026470416,1.0712365829385817,0.0,0.0,0.0,0.0
B,2026-08-24,Paradas en horas caras,126,12600.0,5040.0,86.25075000000001,434703.78,14,35000.0,469703.78,37.27807777777778,374.98703435662,29.760875742588897,2.6943712499924004,-14441.46000000002,-3.1721184393208777,-162.6310686281013,1.9219067452602268
OD,2026-08-24,Óptimo diario,126,12600.0,5040.0,83.07797817460317,418713.01,14,35000.0,453713.01,36.00896904761905,372.0227763573872,29.5256171712212,2.2045610011555254,1549.3099999999977,0.3403114933825399,17.447400812397284,1.116218015555015
C,2026-08-24,"Semanal, previsión ingenua",126,12600.0,5040.0,83.26447023809524,419652.93000000005,14,35000.0,454652.93000000005,36.08356587301588,360.625844823601,28.62109879552389,5.602529915049672,609.3899999999558,0.1338546972215833,6.862585009498438,-1.9814810687924231
L,2026-08-24,"Semanal, previsión LEAR",126,12600.0,5040.0,84.03925793650795,423557.86,14,35000.0,458557.86,36.393480952380955,362.92141677143695,28.803287045352135,14.464450082276016,-3295.5400000000373,-0.7238771704190317,-37.11239666257139,-1.3575419760827212
D,2026-08-24,"Semanal, previsión ML",126,12600.0,5040.0,82.35666468253969,415077.59,13,32500.0,447577.59,35.52203095238095,366.87962339078615,29.117430427840173,4.462242040317506,7684.729999999981,1.6879784823835149,86.54082426696635,-0.2816968695233512
O,2026-08-24,Oráculo semanal,126,12600.0,5040.0,82.11952976190474,413882.42999999993,13,32500.0,446382.42999999993,35.42717698412698,365.3079404139745,28.99269368364877,0.6512721660546958,8879.890000000072,1.9504996591855157,100.0,-0.7088821082624763
A,2026-08-31,Horario fijo (mes anterior),126,12600.0,5040.0,121.70537103174604,613395.0700000001,14,35000.0,648395.0700000001,51.45992619047619,499.46884283682414,39.6403843521289,1.0148695833049717,0.0,0.0,0.0,0.0
B,2026-08-31,Paradas en horas caras,126,12600.0,5040.0,124.50776587301588,627519.14,14,35000.0,662519.14,52.58088412698413,515.7800427249628,40.93492402579069,2.41685287700966,-14124.069999999949,-2.1783123674891525,-192.71640919423317,3.2657091872830835
OD,2026-08-31,Óptimo diario,126,12600.0,5040.0,121.41839285714283,611948.7,14,35000.0,646948.7,51.34513492063492,505.49050866849046,40.11829433876908,2.3763867504894733,1446.3700000001118,0.2230692469639091,19.73505036199095,1.2056139072589955
C,2026-08-31,"Semanal, previsión ingenua",126,12600.0,5040.0,121.89763095238096,614364.06,15,37500.0,651864.06,51.735242857142865,502.2363346699406,39.8600265611064,12.104458292480558,-3468.9899999999907,-0.5350117791611202,-47.33276572055389,0.5540869811614391
L,2026-08-31,"Semanal, previsión LEAR",126,12600.0,5040.0,123.10713492063492,620459.96,15,37500.0,657959.96,52.21904444444444,513.4389013165745,40.74911915210909,7.61179850064218,-9564.889999999898,-1.4751638996884873,-130.5085046405049,2.7969829710307703
D,2026-08-31,"Semanal, previsión ML",126,12600.0,5040.0,125.14091269841268,630710.2,14,35000.0,665710.2,52.83414285714285,526.7791388394469,41.80786816186087,4.20161874871701,-17315.12999999989,-2.67045984788254,-236.25694848095011,5.4678677948175824
O,2026-08-31,Oráculo semanal,126,12600.0,5040.0,120.25121626984128,606066.13,14,35000.0,641066.13,50.87826428571429,495.75144545195167,39.345352813646954,0.6851454172283411,7328.9400000000605,1.130320130287243,100.0,-0.7442701257918016
A,2026-09-07,Horario fijo (mes anterior),126,12600.0,5040.0,111.90529365079364,564002.6799999999,14,35000.0,599002.6799999999,47.539895238095234,433.2162156220253,34.38223933508137,1.152528916951269,0.0,0.0,0.0,0.0
B,2026-09-07,Paradas en horas caras,126,12600.0,5040.0,114.09469841269842,575037.28,14,35000.0,610037.28,48.41565714285714,443.4120952004132,35.19143612701692,1.9194223317317665,-11034.600000000091,-1.8421620417458056,-165.96852575200396,2.3535313801096747
OD,2026-09-07,Óptimo diario,126,12600.0,5040.0,111.7909365079365,563426.32,14,35000.0,598426.32,47.49415238095238,432.99806208121174,34.364925562000934,1.914904165547341,576.359999999986,0.0962199367789116,8.668879660560588,-0.0503567348005051
C,2026-09-07,"Semanal, previsión ingenua",126,12600.0,5040.0,111.39707341269842,561441.25,13,32500.0,593941.25,47.13819444444445,426.325746632163,33.835376716838326,6.047979125287384,5061.429999999935,0.8449761860831633,76.12764171759261,-1.5905381057744528
L,2026-09-07,"Semanal, previsión LEAR",126,12600.0,5040.0,112.32699404761904,566128.0499999999,14,35000.0,601128.0499999999,47.70857539682539,420.43196462867127,33.36761624037074,4.968638499733061,-2125.3699999999953,-0.3548181119990975,-31.96713297967601,-2.9510093418359196
D,2026-09-07,"Semanal, previsión ML",126,12600.0,5040.0,111.72926388888888,563115.49,13,32500.0,595615.49,47.27107063492063,423.6826948476946,33.62561070219798,4.068175456486642,3387.189999999944,0.5654715935494553,50.94583679897017,-2.2006380256662683
O,2026-09-07,Oráculo semanal,126,12600.0,5040.0,111.08215674603176,559854.0700000001,13,32500.0,592354.0700000001,47.01222777777778,422.7619947376977,33.55253926489664,1.6403669170103967,6648.60999999987,1.1099466199383066,100.0,-2.413164721758432
A,2026-09-14,Horario fijo (mes anterior),126,12600.0,5040.0,107.2300257936508,540439.3300000001,14,35000.0,575439.3300000001,45.669788095238104,389.2811197225793,30.89532696210947,1.3170012081973257,0.0,0.0,0.0,0.0
B,2026-09-14,Paradas en horas caras,126,12600.0,5040.0,108.27966468253967,545729.51,14,35000.0,580729.51,46.089643650793654,388.8278484282096,30.859353049857905,2.1487136664800346,-5290.179999999935,-0.919328889111548,-29.40030966531416,-0.1164380370393347
OD,2026-09-14,Óptimo diario,126,12600.0,5040.0,106.61702182539683,537349.79,14,35000.0,572349.79,45.42458650793651,385.4643746164593,30.592410683845976,2.1699684583581984,3089.5400000000373,0.5369010839074967,17.17019699204506,-0.9804598560649525
C,2026-09-14,"Semanal, previsión ingenua",126,12600.0,5040.0,104.34648214285714,525906.27,14,35000.0,560906.27,44.516370634920634,374.897736243021,29.75378859071595,8.446944415569305,14533.060000000056,2.5255590367797858,80.76784993792225,-3.694857713574351
L,2026-09-14,"Semanal, previsión LEAR",126,12600.0,5040.0,104.9303472222222,528848.95,13,32500.0,561348.95,44.55150396825397,368.49446384751616,29.245592368850488,11.658884790260345,14090.38000000012,2.4486299884994165,78.30764459847454,-5.339754440152856
D,2026-09-14,"Semanal, previsión ML",126,12600.0,5040.0,105.71691468253968,532813.25,14,35000.0,567813.25,45.06454365079365,384.12355534099146,30.485996455634243,2.3969120429828763,7626.080000000075,1.3252622131337588,42.38213322277578,-1.3248945608416385
O,2026-09-14,Oráculo semanal,126,12600.0,5040.0,103.6598630952381,522445.71,14,35000.0,557445.71,44.24172301587301,364.2236324670104,28.90663749738178,1.1277830828912556,17993.62000000011,3.1269360750854673,100.0,-6.436861688392714
A,2026-09-21,Horario fijo (mes anterior),126,12600.0,5040.0,118.31075,596286.18,14,35000.0,631286.18,50.10207777777778,458.48885471236827,36.38800434225145,0.6055219583213329,0.0,0.0,0.0,0.0
B,2026-09-21,Paradas en horas caras,126,12600.0,5040.0,118.48348412698412,597156.76,14,35000.0,632156.76,50.17117142857143,458.9910925729018,36.42786448991284,1.1426460021175444,-870.5799999999581,-0.1379057593182157,-12.53345426537316,0.1095419998482949
OD,2026-09-21,Óptimo diario,126,12600.0,5040.0,117.99780753968253,594708.95,14,35000.0,629708.95,49.97690079365079,463.2535570928835,36.76615532483203,1.196402502246201,1577.2300000000978,0.2498438980558861,22.70686217346675,1.03921880140454
C,2026-09-21,"Semanal, previsión ingenua",126,12600.0,5040.0,118.29450198412697,596204.2899999999,14,35000.0,631204.2899999999,50.09557857142857,465.3601735096951,36.93334710394406,5.001697083935142,81.89000000013039,0.0129719297831183,1.178943428281251,1.4986882945360769
L,2026-09-21,"Semanal, previsión LEAR",126,12600.0,5040.0,117.77690476190472,593595.5999999999,14,35000.0,628595.5999999999,49.88853968253967,461.3605730973696,36.61591849979124,3.3189762914553285,2690.580000000191,0.4262060671120966,38.73539637636028,0.6263442078222159
D,2026-09-21,"Semanal, previsión ML",126,12600.0,5040.0,117.72292857142855,593323.5599999999,14,35000.0,628323.5599999999,49.8669492063492,464.9391894158929,36.899935667928006,1.9150304580107331,2962.620000000112,0.4692990427891375,42.65186688837673,1.4068683758019065
O,2026-09-21,Oráculo semanal,126,12600.0,5040.0,116.93256547619048,589340.13,14,35000.0,624340.13,49.550803968253966,456.8658697824536,36.259196014480445,0.5401200409978628,6946.050000000047,1.1003012928304634,100.0,-0.3539856886887293
